Order_ID,Order_Date,Customer_ID,Customer_Name,Age,Gender,City,Product,Category,Quantity,Unit_Price,Total_Sales
ORD100050,2025-10-03,CUST5523,Customer_432,39.5,Male,Pune,Chair,Furniture,9,30834.87,277513.83
ORD100050,2025-01-22,CUST3194,Customer_114,34.0,Male,Kolkata,Book,Education,2,25795.55,51591.1
ORD100050,2025-03-01,CUST8467,Customer_104,23.0,Male,Bengaluru,Book,Education,3,2860.83,8582.49
ORD100050,2025-02-11,CUST6467,Customer_181,24.0,Female,Pune,Rice,Grocery,7,45480.39,318362.73
ORD100050,2025-11-22,CUST8225,Customer_468,64.0,Male,Bengaluru,Rice,Grocery,8,38957.59,311660.72
ORD100050,2025-02-21,CUST8859,Customer_53,39.5,Male,Unknown,Laptop,Electronics,7,20144.84,141013.88
ORD100050,2025-11-06,CUST7824,Customer_190,31.0,Female,Mumbai,Rice,Grocery,4,42642.59,170570.36
ORD100050,2025-08-03,CUST5585,Customer_289,35.0,Male,Kolkata,Chair,Furniture,9,28747.47,258727.23
ORD100050,2025-02-09,CUST7188,Customer_89,62.0,Male,Bengaluru,Mobile,Electronics,1,34619.77,34619.77
