Customer_ID,Customer_Name,Age,Gender,City,Total_Sales,Total_Orders,Total_Quantity,Average_Order_Value,Customer_Segment
CUST1004,Customer_191,64.0,Female,Bengaluru,8321.54,1,2,8321.54,Low Value
CUST1017,Customer_387,42.0,Female,Pune,264230.68,1,7,264230.68,High Value
CUST1026,Customer_445,65.0,Female,Kolkata,164965.29,1,7,164965.29,Medium Value
CUST1032,Customer_20,22.0,Female,Pune,146990.9,1,7,146990.9,Medium Value
CUST1038,Customer_454,32.0,Male,Patna,37068.4,1,5,37068.4,Low Value
CUST1049,Customer_243,55.0,Female,Hyderabad,16714.64,1,1,16714.64,Low Value
CUST1088,Customer_1,40.0,Male,Patna,203819.75,1,5,203819.75,Medium Value
CUST1090,Customer_316,45.0,Female,Unknown,5263.79,1,7,5263.79,Low Value
CUST1094,Customer_91,31.0,Female,Patna,211945.9,1,10,211945.9,Medium Value
CUST1104,Customer_328,64.0,Female,Hyderabad,90746.36,1,4,90746.36,Medium Value
CUST1106,Customer_135,31.0,Male,Patna,51838.36,1,2,51838.36,Medium Value
CUST1113,Customer_104,33.0,Female,Gaya,181063.26,1,6,181063.26,Medium Value
CUST1122,Customer_447,65.0,Female,Kolkata,122431.8,1,4,122431.8,Medium Value
CUST1124,Customer_360,18.0,Female,Patna,362370.56,1,8,362370.56,High Value
CUST1149,Customer_14,40.0,Female,Hyderabad,340749.52,1,8,340749.52,High Value
CUST1159,Customer_492,30.0,Male,Pune,82567.7,1,5,82567.7,Medium Value
CUST1170,Customer_67,37.0,Male,Mumbai,103361.36,1,4,103361.36,Medium Value
CUST1175,Customer_472,20.0,Female,Gaya,113673.3,1,5,113673.3,Medium Value
CUST1183,Customer_189,20.0,Female,Gaya,49324.8,1,7,49324.8,Medium Value
CUST1189,Customer_490,39.0,Female,Pune,36307.74,1,2,36307.74,Low Value
CUST1197,Customer_419,36.0,Male,Pune,5944.12,1,4,5944.12,Low Value
CUST1215,Customer_19,35.0,Male,Gaya,10367.0,1,7,10367.0,Low Value
CUST1231,Customer_339,53.0,Male,Patna,187087.76,1,4,187087.76,Medium Value
CUST1246,Customer_165,59.0,Female,Kolkata,2094.36,1,6,2094.36,Low Value
CUST1252,Customer_81,24.0,Male,Pune,112029.57,1,3,112029.57,Medium Value
CUST1253,Customer_334,32.0,Female,Gaya,87892.59,1,3,87892.59,Medium Value
CUST1256,Customer_279,34.0,Male,Kolkata,242289.7,1,5,242289.7,High Value
CUST1258,Customer_443,40.0,Male,Hyderabad,47389.09,1,7,47389.09,Low Value
CUST1269,Customer_423,22.0,Female,Gaya,80421.12,1,3,80421.12,Medium Value
CUST1284,Customer_375,31.0,Male,Bengaluru,105461.08,1,4,105461.08,Medium Value
CUST1312,Customer_40,30.0,Male,Kolkata,144194.72,1,8,144194.72,Medium Value
CUST1316,Customer_3,37.0,Female,Delhi,16249.69,1,1,16249.69,Low Value
CUST1334,Customer_364,31.0,Male,Kolkata,34200.58,1,2,34200.58,Low Value
CUST1339,Customer_107,54.0,Male,Kolkata,203324.1,1,6,203324.1,Medium Value
CUST1357,Customer_361,48.0,Male,Delhi,195601.44,1,8,195601.44,Medium Value
CUST1367,Customer_48,21.0,Female,Bengaluru,43529.29,1,7,43529.29,Low Value
CUST1396,Customer_479,34.0,Male,Pune,21572.48,1,1,21572.48,Low Value
CUST1399,Customer_431,60.0,Male,Gaya,74022.24,1,4,74022.24,Medium Value
CUST1401,Customer_151,35.0,Male,Delhi,254734.06,1,7,254734.06,High Value
CUST1406,Customer_499,52.0,Male,Gaya,315765.0,1,10,315765.0,High Value
CUST1419,Customer_226,28.0,Male,Mumbai,54878.34,1,6,54878.34,Medium Value
CUST1433,Customer_391,47.0,Female,Mumbai,108470.6,1,5,108470.6,Medium Value
CUST1436,Customer_144,60.0,Female,Delhi,19590.5,1,10,19590.5,Low Value
CUST1442,Customer_371,22.0,Female,Pune,27918.98,1,1,27918.98,Low Value
CUST1443,Customer_315,37.0,Female,Unknown,25336.7,1,1,25336.7,Low Value
CUST1452,Customer_68,62.0,Female,Hyderabad,266207.48,1,7,266207.48,High Value
CUST1453,Customer_60,51.0,Male,Gaya,42816.6,1,6,42816.6,Low Value
CUST1463,Customer_397,21.0,Female,Bengaluru,173654.34000000003,2,9,86827.17000000001,Medium Value
CUST1468,Customer_266,49.0,Female,Kolkata,359775.2,1,8,359775.2,High Value
CUST1479,Customer_375,35.0,Female,Bengaluru,317305.7,1,10,317305.7,High Value
CUST1481,Customer_40,40.0,Female,Patna,78764.8,1,10,78764.8,Medium Value
CUST1516,Customer_148,52.0,Male,Mumbai,199641.96,1,9,199641.96,Medium Value
CUST1528,Customer_170,46.0,Male,Patna,48389.92,1,2,48389.92,Medium Value
CUST1557,Customer_87,39.0,Female,Mumbai,123371.82,1,6,123371.82,Medium Value
CUST1565,Customer_353,27.0,Female,Delhi,80289.8,1,10,80289.8,Medium Value
CUST1577,Customer_59,37.0,Male,Delhi,36943.51,1,1,36943.51,Low Value
CUST1603,Customer_434,37.0,Female,Mumbai,136560.28,1,4,136560.28,Medium Value
CUST1611,Customer_451,49.0,Male,Patna,46050.0,1,3,46050.0,Low Value
CUST1614,Customer_267,52.0,Female,Bengaluru,74620.36,1,4,74620.36,Medium Value
CUST1616,Customer_288,44.0,Female,Delhi,99704.97,1,3,99704.97,Medium Value
CUST1618,Customer_166,39.5,Male,Patna,158916.6,1,10,158916.6,Medium Value
CUST1636,Customer_243,63.0,Female,Patna,52698.94,1,7,52698.94,Medium Value
CUST1637,Customer_70,59.0,Male,Patna,20669.3,1,10,20669.3,Low Value
CUST1658,Customer_324,52.0,Male,Hyderabad,193777.92,1,6,193777.92,Medium Value
CUST1662,Customer_365,31.0,Female,Pune,96526.71,1,7,96526.71,Medium Value
CUST1673,Customer_103,18.0,Male,Gaya,175604.15,1,5,175604.15,Medium Value
CUST1681,Customer_160,60.0,Male,Delhi,140328.85,1,5,140328.85,Medium Value
CUST1691,Customer_177,55.0,Male,Mumbai,14209.86,1,2,14209.86,Low Value
CUST1710,Customer_355,46.0,Female,Hyderabad,440456.6,1,10,440456.6,High Value
CUST1711,Customer_36,20.0,Female,Bengaluru,490866.4,1,10,490866.4,High Value
CUST1713,Customer_457,27.0,Female,Bengaluru,31739.18,1,1,31739.18,Low Value
CUST1743,Customer_222,56.0,Male,Hyderabad,161107.04,1,4,161107.04,Medium Value
CUST1753,Customer_493,58.0,Female,Hyderabad,3239.94,1,1,3239.94,Low Value
CUST1758,Customer_335,61.0,Male,Patna,299985.18,1,6,299985.18,High Value
CUST1759,Customer_71,64.0,Female,Delhi,109150.3,1,5,109150.3,Medium Value
CUST1762,Customer_141,27.0,Male,Delhi,123899.8,1,4,123899.8,Medium Value
CUST1764,Customer_47,24.0,Male,Hyderabad,51751.06,1,2,51751.06,Medium Value
CUST1766,Customer_319,27.0,Male,Kolkata,7119.05,1,5,7119.05,Low Value
CUST1779,Customer_378,65.0,Female,Delhi,166613.7,1,10,166613.7,Medium Value
CUST1780,Customer_250,64.0,Male,Hyderabad,105473.12,1,8,105473.12,Medium Value
CUST1790,Customer_12,43.0,Male,Hyderabad,12225.22,1,1,12225.22,Low Value
CUST1806,Customer_354,58.0,Male,Patna,64332.45,1,9,64332.45,Medium Value
CUST1808,Customer_150,56.0,Male,Patna,218701.12,1,8,218701.12,High Value
CUST1822,Customer_174,39.0,Male,Kolkata,121853.1,1,6,121853.1,Medium Value
CUST1833,Customer_357,63.0,Male,Gaya,111006.18,1,3,111006.18,Medium Value
CUST1835,Customer_81,61.0,Female,Gaya,64865.3,1,2,64865.3,Medium Value
CUST1840,Customer_90,43.0,Female,Kolkata,23787.6,1,2,23787.6,Low Value
CUST1841,Customer_129,45.0,Male,Kolkata,82193.5,1,2,82193.5,Medium Value
CUST1887,Customer_209,21.0,Male,Hyderabad,277415.76,1,6,277415.76,High Value
CUST1890,Customer_277,21.0,Male,Gaya,129500.85,1,3,129500.85,Medium Value
CUST1906,Customer_76,36.0,Male,Hyderabad,40714.7,1,2,40714.7,Low Value
CUST1928,Customer_17,30.0,Female,Mumbai,340497.71,1,7,340497.71,High Value
CUST1932,Customer_369,35.0,Male,Delhi,7741.12,1,4,7741.12,Low Value
CUST1936,Customer_15,59.0,Male,Delhi,130702.11,1,3,130702.11,Medium Value
CUST1940,Customer_40,48.0,Male,Gaya,163606.7,1,10,163606.7,Medium Value
CUST1956,Customer_317,22.0,Female,Bengaluru,110614.05,1,9,110614.05,Medium Value
CUST1960,Customer_367,44.0,Male,Kolkata,285213.69,1,9,285213.69,High Value
CUST1962,Customer_116,23.0,Male,Delhi,55802.3,1,10,55802.3,Medium Value
CUST1987,Customer_35,24.0,Male,Kolkata,58568.76,1,6,58568.76,Medium Value
CUST1991,Customer_359,41.0,Female,Kolkata,126402.03,1,9,126402.03,Medium Value
CUST1994,Customer_390,48.0,Male,Pune,238881.24,2,13,119440.62,High Value
CUST1997,Customer_219,29.0,Female,Patna,136106.62,2,12,68053.31,Medium Value
CUST2003,Customer_48,35.0,Female,Mumbai,47674.82,1,2,47674.82,Low Value
CUST2006,Customer_131,50.0,Male,Kolkata,3310.72,1,2,3310.72,Low Value
CUST2025,Customer_239,37.0,Female,Delhi,98774.4,1,2,98774.4,Medium Value
CUST2027,Customer_458,32.0,Male,Gaya,121322.16,1,3,121322.16,Medium Value
CUST2031,Customer_309,45.0,Female,Gaya,34616.52,1,4,34616.52,Low Value
CUST2039,Customer_32,31.0,Male,Mumbai,231048.23,1,7,231048.23,High Value
CUST2051,Customer_103,31.0,Male,Bengaluru,109237.86,1,9,109237.86,Medium Value
CUST2062,Customer_254,58.0,Male,Patna,493677.5,1,10,493677.5,High Value
CUST2079,Customer_35,44.0,Male,Mumbai,323841.07,1,7,323841.07,High Value
CUST2088,Customer_382,65.0,Female,Hyderabad,24428.2,1,2,24428.2,Low Value
CUST2093,Customer_428,38.0,Female,Mumbai,121791.05,1,5,121791.05,Medium Value
CUST2094,Customer_165,54.0,Female,Hyderabad,113543.48,1,4,113543.48,Medium Value
CUST2126,Customer_385,34.0,Male,Patna,21819.5,1,1,21819.5,Low Value
CUST2137,Customer_57,40.0,Female,Mumbai,91115.3,1,5,91115.3,Medium Value
CUST2138,Customer_303,42.0,Female,Gaya,137878.74,1,3,137878.74,Medium Value
CUST2152,Customer_99,63.0,Female,Bengaluru,96867.4,1,2,96867.4,Medium Value
CUST2157,Customer_31,58.0,Male,Unknown,86397.04,1,4,86397.04,Medium Value
CUST2181,Customer_125,41.0,Female,Bengaluru,22401.12,1,3,22401.12,Low Value
CUST2190,Customer_318,38.0,Male,Hyderabad,75639.4,1,5,75639.4,Medium Value
CUST2202,Customer_26,26.0,Female,Patna,80260.42,1,2,80260.42,Medium Value
CUST2218,Customer_392,57.0,Male,Delhi,63231.28,1,2,63231.28,Medium Value
CUST2231,Customer_38,51.0,Male,Delhi,1144.78,1,2,1144.78,Low Value
CUST2236,Customer_173,64.0,Male,Pune,26010.12,1,4,26010.12,Low Value
CUST2242,Customer_331,53.0,Female,Delhi,349767.9,1,10,349767.9,High Value
CUST2256,Customer_284,50.0,Male,Hyderabad,115969.35,1,3,115969.35,Medium Value
CUST2260,Customer_325,54.0,Male,Kolkata,11539.95,1,3,11539.95,Low Value
CUST2286,Customer_298,39.0,Female,Patna,36304.28,1,2,36304.28,Low Value
CUST2290,Customer_195,56.0,Male,Mumbai,48677.96,1,4,48677.96,Medium Value
CUST2295,Customer_319,57.0,Male,Mumbai,238983.9,1,6,238983.9,High Value
CUST2343,Customer_39,28.0,Male,Patna,98080.92,1,6,98080.92,Medium Value
CUST2345,Customer_302,48.0,Male,Bengaluru,224371.6,1,10,224371.6,High Value
CUST2350,Customer_205,46.0,Male,Pune,101171.88,1,4,101171.88,Medium Value
CUST2364,Customer_290,34.0,Female,Hyderabad,83149.52,1,8,83149.52,Medium Value
CUST2369,Customer_259,56.0,Male,Mumbai,64307.52,1,3,64307.52,Medium Value
CUST2378,Customer_95,53.0,Male,Hyderabad,19026.35,1,5,19026.35,Low Value
CUST2384,Customer_365,49.0,Male,Gaya,30394.74,1,3,30394.74,Low Value
CUST2394,Customer_293,27.0,Male,Patna,299334.78,1,6,299334.78,High Value
CUST2403,Customer_258,22.0,Male,Pune,237978.32,1,8,237978.32,High Value
CUST2411,Customer_292,47.0,Female,Mumbai,184045.4,1,5,184045.4,Medium Value
CUST2418,Customer_425,57.0,Male,Gaya,93055.86,1,2,93055.86,Medium Value
CUST2423,Customer_376,23.0,Male,Hyderabad,113778.84,1,7,113778.84,Medium Value
CUST2428,Customer_127,52.0,Female,Mumbai,48123.87,1,3,48123.87,Medium Value
CUST2448,Customer_444,59.0,Female,Kolkata,148803.66,1,9,148803.66,Medium Value
CUST2457,Customer_462,51.0,Male,Kolkata,43633.34,1,2,43633.34,Low Value
CUST2463,Customer_390,25.0,Male,Bengaluru,248328.55,1,5,248328.55,High Value
CUST2480,Customer_491,59.0,Female,Gaya,20740.93,1,1,20740.93,Low Value
CUST2482,Customer_183,65.0,Male,Mumbai,354730.14,1,9,354730.14,High Value
CUST2515,Customer_470,65.0,Female,Kolkata,431192.86,3,22,143730.95333333334,High Value
CUST2520,Customer_93,34.0,Female,Kolkata,141401.85,1,5,141401.85,Medium Value
CUST2537,Customer_32,30.0,Female,Bengaluru,1005.21,1,1,1005.21,Low Value
CUST2542,Customer_219,43.0,Male,Hyderabad,431463.9,1,10,431463.9,High Value
CUST2551,Customer_343,19.0,Male,Patna,61673.9,1,5,61673.9,Medium Value
CUST2562,Customer_280,65.0,Male,Bengaluru,437.34,1,3,437.34,Low Value
CUST2565,Customer_360,52.0,Female,Hyderabad,146098.6,1,5,146098.6,Medium Value
CUST2586,Customer_386,64.0,Male,Pune,84954.25,1,5,84954.25,Medium Value
CUST2589,Customer_426,49.0,Male,Delhi,84392.92,1,4,84392.92,Medium Value
CUST2597,Customer_354,22.0,Male,Kolkata,287434.35,1,9,287434.35,High Value
CUST2599,Customer_390,35.0,Male,Mumbai,134115.7,1,5,134115.7,Medium Value
CUST2604,Customer_356,40.0,Male,Kolkata,51372.25,1,5,51372.25,Medium Value
CUST2632,Customer_321,56.0,Male,Kolkata,67601.66,1,2,67601.66,Medium Value
CUST2644,Customer_222,24.0,Male,Pune,175457.4,1,4,175457.4,Medium Value
CUST2650,Customer_276,56.0,Female,Kolkata,162226.4,1,10,162226.4,Medium Value
CUST2661,Customer_370,41.0,Male,Delhi,252904.44,1,6,252904.44,High Value
CUST2669,Customer_151,46.0,Male,Bengaluru,359291.92,1,8,359291.92,High Value
CUST2671,Customer_58,52.0,Male,Delhi,23398.57,1,1,23398.57,Low Value
CUST2672,Customer_324,27.0,Female,Pune,191186.12,1,4,191186.12,Medium Value
CUST2680,Customer_90,65.0,Female,Patna,124790.55,1,3,124790.55,Medium Value
CUST2687,Customer_190,64.0,Female,Hyderabad,49496.16,1,6,49496.16,Medium Value
CUST2690,Customer_11,26.0,Male,Delhi,66608.34,1,2,66608.34,Medium Value
CUST2697,Customer_155,49.0,Male,Hyderabad,83144.7,1,6,83144.7,Medium Value
CUST2705,Customer_117,55.0,Male,Kolkata,124270.25,1,5,124270.25,Medium Value
CUST2708,Customer_57,52.0,Male,Delhi,189759.6,1,9,189759.6,Medium Value
CUST2714,Customer_98,58.0,Female,Gaya,202444.83,1,9,202444.83,Medium Value
CUST2742,Customer_216,22.0,Female,Delhi,107330.05,1,5,107330.05,Medium Value
CUST2744,Customer_300,28.0,Male,Bengaluru,76084.8,1,6,76084.8,Medium Value
CUST2757,Customer_366,55.0,Male,Patna,64048.05,1,3,64048.05,Medium Value
CUST2777,Customer_417,49.0,Male,Gaya,174736.89,1,9,174736.89,Medium Value
CUST2779,Customer_336,44.0,Female,Patna,178648.82,1,7,178648.82,Medium Value
CUST2791,Customer_20,58.0,Female,Bengaluru,246944.64,1,6,246944.64,High Value
CUST2793,Customer_462,32.0,Female,Gaya,115263.96,1,6,115263.96,Medium Value
CUST2794,Customer_98,31.0,Female,Patna,284872.06,2,11,142436.03,High Value
CUST2796,Customer_471,29.0,Male,Patna,147307.52,1,4,147307.52,Medium Value
CUST2804,Customer_115,32.0,Female,Pune,90508.14,1,3,90508.14,Medium Value
CUST2812,Customer_249,55.0,Male,Gaya,767.61,1,1,767.61,Low Value
CUST2827,Customer_287,35.0,Male,Hyderabad,84805.75,1,5,84805.75,Medium Value
CUST2832,Customer_204,22.0,Male,Pune,162512.76,1,6,162512.76,Medium Value
CUST2834,Customer_98,39.5,Male,Kolkata,270821.34,1,9,270821.34,High Value
CUST2835,Customer_468,39.5,Male,Kolkata,65413.26,1,9,65413.26,Medium Value
CUST2836,Customer_434,46.0,Female,Patna,144754.88,1,4,144754.88,Medium Value
CUST2859,Customer_395,21.0,Female,Kolkata,161565.2,1,4,161565.2,Medium Value
CUST2862,Customer_122,25.0,Male,Bengaluru,74724.16,1,7,74724.16,Medium Value
CUST2863,Customer_375,34.0,Female,Patna,132772.22,1,7,132772.22,Medium Value
CUST2867,Customer_221,61.0,Male,Hyderabad,257759.6,1,8,257759.6,High Value
CUST2870,Customer_495,33.0,Male,Patna,211801.52,2,14,105900.76,Medium Value
CUST2871,Customer_8,33.0,Female,Delhi,147500.76,1,4,147500.76,Medium Value
CUST2903,Customer_122,31.0,Female,Mumbai,107774.59,1,7,107774.59,Medium Value
CUST2904,Customer_269,60.0,Female,Bengaluru,412680.6,1,10,412680.6,High Value
CUST2921,Customer_420,27.0,Male,Patna,139876.08,1,4,139876.08,Medium Value
CUST2935,Customer_26,28.0,Male,Delhi,30364.5,1,6,30364.5,Low Value
CUST2953,Customer_435,41.0,Female,Kolkata,220868.4,1,8,220868.4,High Value
CUST2956,Customer_177,39.0,Male,Patna,132611.45,1,5,132611.45,Medium Value
CUST2967,Customer_483,52.0,Female,Mumbai,36396.7,1,5,36396.7,Low Value
CUST2969,Customer_287,59.0,Male,Kolkata,237972.6,1,6,237972.6,High Value
CUST2997,Customer_181,23.0,Female,Hyderabad,34192.3,1,1,34192.3,Low Value
CUST3001,Customer_341,32.0,Male,Gaya,14067.77,2,4,7033.885,Low Value
CUST3002,Customer_57,61.0,Male,Mumbai,219937.28,1,8,219937.28,High Value
CUST3004,Customer_162,46.0,Female,Pune,3971.35,1,1,3971.35,Low Value
CUST3006,Customer_256,58.0,Male,Patna,351367.34,2,13,175683.67,High Value
CUST3023,Customer_223,43.0,Female,Gaya,368979.6,1,8,368979.6,High Value
CUST3024,Customer_332,22.0,Female,Patna,242884.38,1,6,242884.38,High Value
CUST3044,Customer_27,65.0,Female,Bengaluru,318554.4,1,10,318554.4,High Value
CUST3054,Customer_96,28.0,Female,Mumbai,63845.1,1,9,63845.1,Medium Value
CUST3059,Customer_104,36.0,Male,Patna,234450.42,1,6,234450.42,High Value
CUST3075,Customer_249,55.0,Male,Bengaluru,8162.84,1,1,8162.84,Low Value
CUST3078,Customer_230,22.0,Male,Gaya,76256.64,1,2,76256.64,Medium Value
CUST3080,Customer_378,41.0,Female,Pune,43789.89,1,1,43789.89,Low Value
CUST3089,Customer_339,35.0,Female,Kolkata,139534.08,1,7,139534.08,Medium Value
CUST3094,Customer_47,49.0,Female,Bengaluru,343480.48,1,8,343480.48,High Value
CUST3107,Customer_99,21.0,Female,Kolkata,28766.56,1,8,28766.56,Low Value
CUST3127,Customer_182,63.0,Male,Bengaluru,139530.8,1,5,139530.8,Medium Value
CUST3129,Customer_138,39.0,Male,Hyderabad,376842.87,1,9,376842.87,High Value
CUST3138,Customer_440,30.0,Female,Mumbai,104971.05,1,5,104971.05,Medium Value
CUST3169,Customer_138,41.0,Female,Delhi,138808.11,1,7,138808.11,Medium Value
CUST3186,Customer_412,60.0,Female,Delhi,156219.8,1,4,156219.8,Medium Value
CUST3189,Customer_384,30.0,Female,Kolkata,69219.64,1,4,69219.64,Medium Value
CUST3194,Customer_114,34.0,Male,Kolkata,51591.1,1,2,51591.1,Medium Value
CUST3210,Customer_15,43.0,Female,Mumbai,122561.37,1,9,122561.37,Medium Value
CUST3212,Customer_415,33.0,Male,Gaya,42764.32,1,2,42764.32,Low Value
CUST3228,Customer_209,55.0,Female,Patna,283052.58,1,6,283052.58,High Value
CUST3237,Customer_341,48.0,Female,Kolkata,270087.16,1,7,270087.16,High Value
CUST3260,Customer_237,55.0,Male,Mumbai,110900.34,1,9,110900.34,Medium Value
CUST3264,Customer_227,51.0,Female,Gaya,42437.1,1,3,42437.1,Low Value
CUST3265,Customer_256,29.0,Male,Gaya,97693.35,1,5,97693.35,Medium Value
CUST3277,Customer_148,46.0,Female,Gaya,190335.12,1,6,190335.12,Medium Value
CUST3281,Customer_243,64.0,Female,Pune,190106.9,1,10,190106.9,Medium Value
CUST3285,Customer_232,30.0,Female,Mumbai,392423.76,1,8,392423.76,High Value
CUST3297,Customer_465,47.0,Male,Gaya,40350.67,1,1,40350.67,Low Value
CUST3298,Customer_155,63.0,Female,Kolkata,72667.0,1,5,72667.0,Medium Value
CUST3316,Customer_458,41.0,Female,Patna,261998.08,1,8,261998.08,High Value
CUST3321,Customer_151,20.0,Female,Bengaluru,62003.61,1,9,62003.61,Medium Value
CUST3327,Customer_94,19.0,Female,Pune,90435.84,1,2,90435.84,Medium Value
CUST3330,Customer_450,62.0,Female,Hyderabad,162554.32,1,8,162554.32,Medium Value
CUST3341,Customer_263,54.0,Male,Gaya,186519.72,1,4,186519.72,Medium Value
CUST3345,Customer_202,35.0,Female,Gaya,58809.5,1,5,58809.5,Medium Value
CUST3365,Customer_80,23.0,Male,Delhi,119390.88,1,7,119390.88,Medium Value
CUST3366,Customer_363,55.0,Male,Delhi,360570.11,2,13,180285.055,High Value
CUST3393,Customer_175,24.0,Female,Hyderabad,108717.45,1,3,108717.45,Medium Value
CUST3397,Customer_101,44.0,Male,Gaya,26461.65,1,3,26461.65,Low Value
CUST3417,Customer_102,36.0,Male,Patna,252084.4,1,8,252084.4,High Value
CUST3418,Customer_499,33.0,Female,Gaya,1229.02,1,1,1229.02,Low Value
CUST3430,Customer_184,51.0,Female,Kolkata,215754.42,1,6,215754.42,High Value
CUST3438,Customer_98,56.0,Male,Patna,148435.74,1,6,148435.74,Medium Value
CUST3440,Customer_28,32.0,Female,Pune,33098.3,1,5,33098.3,Low Value
CUST3459,Customer_320,19.0,Male,Pune,88586.31,1,3,88586.31,Medium Value
CUST3464,Customer_1,18.0,Female,Bengaluru,172829.92,1,4,172829.92,Medium Value
CUST3473,Customer_20,56.0,Male,Hyderabad,18903.96,1,3,18903.96,Low Value
CUST3497,Customer_408,57.0,Male,Patna,119906.32,1,4,119906.32,Medium Value
CUST3499,Customer_139,20.0,Male,Mumbai,40383.06,1,2,40383.06,Low Value
CUST3508,Customer_67,31.0,Male,Gaya,192315.52000000002,2,9,96157.76000000001,Medium Value
CUST3522,Customer_67,24.0,Male,Bengaluru,30869.01,1,3,30869.01,Low Value
CUST3537,Customer_377,24.0,Female,Pune,141646.92,1,4,141646.92,Medium Value
CUST3542,Customer_156,51.0,Male,Patna,47618.43,1,1,47618.43,Low Value
CUST3564,Customer_267,41.0,Male,Patna,444513.78,1,9,444513.78,High Value
CUST3566,Customer_430,45.0,Female,Patna,178545.48,1,6,178545.48,Medium Value
CUST3567,Customer_407,21.0,Male,Bengaluru,300593.16,1,7,300593.16,High Value
CUST3576,Customer_397,53.0,Male,Hyderabad,321187.65,1,7,321187.65,High Value
CUST3580,Customer_60,56.0,Female,Gaya,89124.8,1,5,89124.8,Medium Value
CUST3602,Customer_295,54.0,Male,Pune,67401.84,1,4,67401.84,Medium Value
CUST3603,Customer_448,56.0,Female,Delhi,15061.67,1,1,15061.67,Low Value
CUST3607,Customer_266,64.0,Female,Patna,105764.6,1,5,105764.6,Medium Value
CUST3618,Customer_131,28.0,Male,Pune,330723.9,1,10,330723.9,High Value
CUST3623,Customer_1,35.0,Male,Mumbai,338531.22,1,9,338531.22,High Value
CUST3625,Customer_382,55.0,Female,Kolkata,105841.56,1,4,105841.56,Medium Value
CUST3652,Customer_436,59.0,Male,Hyderabad,21496.95,1,1,21496.95,Low Value
CUST3662,Customer_223,34.0,Female,Hyderabad,14919.85,1,5,14919.85,Low Value
CUST3668,Customer_415,63.0,Male,Patna,280078.14,1,6,280078.14,High Value
CUST3677,Customer_459,34.0,Female,Patna,17041.21,1,1,17041.21,Low Value
CUST3679,Customer_242,48.0,Male,Patna,239465.0,1,5,239465.0,High Value
CUST3682,Customer_132,56.0,Female,Kolkata,144829.17,1,3,144829.17,Medium Value
CUST3685,Customer_94,23.0,Female,Delhi,35489.21,1,1,35489.21,Low Value
CUST3688,Customer_205,38.0,Female,Bengaluru,213936.9,1,10,213936.9,Medium Value
CUST3689,Customer_179,44.0,Female,Delhi,542484.08,2,16,271242.04,High Value
CUST3690,Customer_413,32.0,Female,Delhi,102479.94,1,6,102479.94,Medium Value
CUST3714,Customer_295,37.0,Female,Patna,165724.79,1,7,165724.79,Medium Value
CUST3723,Customer_208,52.0,Male,Kolkata,16453.6,1,4,16453.6,Low Value
CUST3730,Customer_273,41.0,Female,Unknown,538633.97,2,13,269316.985,High Value
CUST3741,Customer_461,57.0,Female,Mumbai,48583.48,1,2,48583.48,Medium Value
CUST3744,Customer_2,20.0,Female,Mumbai,93190.71,1,3,93190.71,Medium Value
CUST3745,Customer_138,55.0,Female,Hyderabad,217666.56,1,6,217666.56,High Value
CUST3747,Customer_322,47.0,Female,Mumbai,23973.18,1,3,23973.18,Low Value
CUST3751,Customer_270,36.0,Male,Bengaluru,69239.88,1,3,69239.88,Medium Value
CUST3759,Customer_313,65.0,Female,Mumbai,301283.73,1,9,301283.73,High Value
CUST3760,Customer_360,63.0,Female,Bengaluru,41626.11,1,1,41626.11,Low Value
CUST3763,Customer_221,32.0,Female,Delhi,294488.9,2,7,147244.45,High Value
CUST3767,Customer_470,49.0,Female,Hyderabad,1981.7,1,7,1981.7,Low Value
CUST3773,Customer_336,41.0,Female,Pune,412403.57999999996,2,14,206201.78999999998,High Value
CUST3778,Customer_96,39.0,Female,Bengaluru,47848.0,1,1,47848.0,Low Value
CUST3794,Customer_315,35.0,Female,Hyderabad,103917.5,1,10,103917.5,Medium Value
CUST3809,Customer_394,44.0,Female,Gaya,51282.42,1,6,51282.42,Medium Value
CUST3820,Customer_312,48.0,Female,Delhi,100104.3,1,9,100104.3,Medium Value
CUST3835,Customer_256,45.0,Male,Delhi,144095.7,1,3,144095.7,Medium Value
CUST3839,Customer_274,61.0,Male,Bengaluru,410547.2,1,10,410547.2,High Value
CUST3843,Customer_209,44.0,Female,Bengaluru,37727.1,1,6,37727.1,Low Value
CUST3850,Customer_163,27.0,Female,Kolkata,122047.5,1,5,122047.5,Medium Value
CUST3851,Customer_487,59.0,Male,Delhi,29862.4,1,2,29862.4,Low Value
CUST3867,Customer_54,41.0,Female,Unknown,25348.95,1,5,25348.95,Low Value
CUST3877,Customer_133,18.0,Male,Delhi,85323.78,1,6,85323.78,Medium Value
CUST3887,Customer_371,56.0,Female,Mumbai,169196.64,1,4,169196.64,Medium Value
CUST3891,Customer_453,65.0,Male,Mumbai,150743.16,1,6,150743.16,Medium Value
CUST3911,Customer_304,26.0,Female,Gaya,81607.25,1,5,81607.25,Medium Value
CUST3948,Customer_465,38.0,Male,Hyderabad,116728.5,1,6,116728.5,Medium Value
CUST3952,Customer_71,40.0,Female,Hyderabad,323527.23,1,9,323527.23,High Value
CUST3966,Customer_338,47.0,Female,Hyderabad,120078.24,1,4,120078.24,Medium Value
CUST3972,Customer_336,20.0,Male,Gaya,240883.83,1,9,240883.83,High Value
CUST3987,Customer_126,55.0,Female,Pune,330496.47,1,9,330496.47,High Value
CUST4002,Customer_388,18.0,Female,Gaya,234114.2,1,5,234114.2,High Value
CUST4003,Customer_305,54.0,Female,Bengaluru,468522.0,1,10,468522.0,High Value
CUST4009,Customer_273,18.0,Male,Hyderabad,43713.28,1,2,43713.28,Low Value
CUST4034,Customer_271,32.0,Female,Kolkata,85717.2,1,3,85717.2,Medium Value
CUST4037,Customer_205,30.0,Male,Kolkata,470798.6,1,10,470798.6,High Value
CUST4041,Customer_433,32.0,Female,Bengaluru,173329.08,2,5,86664.54,Medium Value
CUST4062,Customer_23,56.0,Female,Mumbai,8906.18,1,1,8906.18,Low Value
CUST4073,Customer_353,25.0,Female,Pune,92444.73,1,3,92444.73,Medium Value
CUST4077,Customer_138,50.0,Male,Mumbai,109913.8,1,4,109913.8,Medium Value
CUST4089,Customer_79,42.0,Male,Gaya,112630.77,1,9,112630.77,Medium Value
CUST4094,Customer_382,51.0,Male,Hyderabad,178309.16,1,4,178309.16,Medium Value
CUST4099,Customer_377,55.0,Female,Delhi,208572.3,1,10,208572.3,Medium Value
CUST4103,Customer_454,33.0,Male,Pune,63588.21,1,7,63588.21,Medium Value
CUST4106,Customer_226,33.0,Male,Gaya,299498.92,1,7,299498.92,High Value
CUST4109,Customer_31,53.0,Female,Delhi,221067.8,1,10,221067.8,High Value
CUST4110,Customer_73,59.0,Female,Kolkata,360621.09,1,9,360621.09,High Value
CUST4112,Customer_71,33.0,Female,Kolkata,51766.12,1,4,51766.12,Medium Value
CUST4132,Customer_47,41.0,Female,Unknown,7894.56,1,4,7894.56,Low Value
CUST4137,Customer_221,36.0,Male,Gaya,333360.55,2,11,166680.275,High Value
CUST4150,Customer_415,31.0,Female,Delhi,359892.18,1,9,359892.18,High Value
CUST4167,Customer_113,41.0,Female,Kolkata,249899.04,1,9,249899.04,High Value
CUST4169,Customer_307,41.0,Female,Hyderabad,25982.0,1,4,25982.0,Low Value
CUST4215,Customer_103,28.0,Male,Delhi,110511.99,1,9,110511.99,Medium Value
CUST4229,Customer_234,51.0,Male,Hyderabad,136626.6,1,10,136626.6,Medium Value
CUST4264,Customer_304,26.0,Female,Patna,278427.28,1,8,278427.28,High Value
CUST4269,Customer_268,65.0,Female,Gaya,187463.04,1,8,187463.04,Medium Value
CUST4270,Customer_266,30.0,Male,Kolkata,458774.9,1,10,458774.9,High Value
CUST4284,Customer_270,46.0,Male,Patna,30640.69,1,1,30640.69,Low Value
CUST4317,Customer_498,50.0,Female,Delhi,144969.64,1,4,144969.64,Medium Value
CUST4337,Customer_269,53.0,Female,Kolkata,55976.48,1,4,55976.48,Medium Value
CUST4363,Customer_161,30.0,Female,Delhi,401091.2,1,10,401091.2,High Value
CUST4381,Customer_324,39.0,Female,Kolkata,135764.76,1,6,135764.76,Medium Value
CUST4391,Customer_214,36.0,Male,Hyderabad,197421.55,1,5,197421.55,Medium Value
CUST4414,Customer_194,53.0,Female,Delhi,15617.29,1,1,15617.29,Low Value
CUST4417,Customer_234,52.0,Male,Mumbai,6280.83,1,9,6280.83,Low Value
CUST4420,Customer_268,38.0,Male,Gaya,13705.83,1,3,13705.83,Low Value
CUST4431,Customer_177,19.0,Male,Gaya,30519.5,1,10,30519.5,Low Value
CUST4438,Customer_133,56.0,Female,Kolkata,29540.26,1,2,29540.26,Low Value
CUST4457,Customer_212,31.0,Female,Hyderabad,110260.04,1,4,110260.04,Medium Value
CUST4482,Customer_139,53.0,Male,Pune,421025.22,1,9,421025.22,High Value
CUST4483,Customer_109,63.0,Female,Patna,370228.72,1,8,370228.72,High Value
CUST4488,Customer_414,39.0,Female,Kolkata,47539.35,1,3,47539.35,Low Value
CUST4496,Customer_53,18.0,Female,Bengaluru,333687.41,1,7,333687.41,High Value
CUST4515,Customer_281,48.0,Female,Hyderabad,78848.08,1,2,78848.08,Medium Value
CUST4527,Customer_359,54.0,Male,Mumbai,210037.8,1,6,210037.8,Medium Value
CUST4532,Customer_68,52.0,Male,Pune,210571.1,1,5,210571.1,Medium Value
CUST4537,Customer_9,63.0,Male,Gaya,167620.15,1,5,167620.15,Medium Value
CUST4553,Customer_489,44.0,Female,Kolkata,165937.8,1,5,165937.8,Medium Value
CUST4559,Customer_466,57.0,Female,Bengaluru,52501.23,1,3,52501.23,Medium Value
CUST4565,Customer_359,65.0,Female,Delhi,23886.69,1,1,23886.69,Low Value
CUST4569,Customer_238,38.0,Male,Patna,419975.28,1,9,419975.28,High Value
CUST4584,Customer_138,18.0,Female,Pune,462701.3,1,10,462701.3,High Value
CUST4598,Customer_96,33.0,Female,Patna,66336.0,1,10,66336.0,Medium Value
CUST4601,Customer_82,55.0,Female,Hyderabad,5053.68,1,1,5053.68,Low Value
CUST4602,Customer_150,26.0,Female,Pune,6430.22,1,2,6430.22,Low Value
CUST4625,Customer_296,25.0,Female,Gaya,306956.37,1,7,306956.37,High Value
CUST4629,Customer_167,40.0,Female,Patna,75833.37,1,3,75833.37,Medium Value
CUST4646,Customer_365,36.0,Female,Bengaluru,190160.1,1,5,190160.1,Medium Value
CUST4650,Customer_370,32.0,Male,Delhi,143752.47,1,3,143752.47,Medium Value
CUST4651,Customer_359,54.0,Male,Kolkata,99449.28,1,7,99449.28,Medium Value
CUST4655,Customer_167,35.0,Male,Kolkata,239811.81,1,7,239811.81,High Value
CUST4673,Customer_386,42.0,Female,Delhi,81396.85,1,5,81396.85,Medium Value
CUST4685,Customer_22,35.0,Male,Gaya,241032.51,1,9,241032.51,High Value
CUST4686,Customer_473,27.0,Male,Pune,290918.72,1,8,290918.72,High Value
CUST4703,Customer_394,58.0,Male,Patna,158544.6,1,4,158544.6,Medium Value
CUST4705,Customer_53,43.0,Female,Hyderabad,29838.32,1,1,29838.32,Low Value
CUST4706,Customer_34,62.0,Female,Delhi,528036.44,2,11,264018.22,High Value
CUST4722,Customer_390,63.0,Male,Bengaluru,217967.64,1,6,217967.64,High Value
CUST4730,Customer_484,20.0,Female,Patna,203288.64,1,8,203288.64,Medium Value
CUST4737,Customer_367,22.0,Female,Patna,180858.3,1,5,180858.3,Medium Value
CUST4742,Customer_177,21.0,Male,Kolkata,74556.42,1,2,74556.42,Medium Value
CUST4747,Customer_193,44.0,Male,Gaya,102099.33,1,3,102099.33,Medium Value
CUST4750,Customer_78,42.0,Female,Delhi,95299.22,1,2,95299.22,Medium Value
CUST4751,Customer_260,20.0,Male,Patna,243462.6,1,6,243462.6,High Value
CUST4756,Customer_15,55.0,Female,Bengaluru,19079.68,2,4,9539.84,Low Value
CUST4758,Customer_372,63.0,Male,Pune,66288.95,1,5,66288.95,Medium Value
CUST4777,Customer_233,60.0,Female,Gaya,21001.73,1,1,21001.73,Low Value
CUST4796,Customer_380,44.0,Male,Bengaluru,140365.9,1,10,140365.9,Medium Value
CUST4810,Customer_416,18.0,Male,Kolkata,97167.28,1,4,97167.28,Medium Value
CUST4824,Customer_98,24.0,Male,Gaya,226245.78,1,9,226245.78,High Value
CUST4829,Customer_202,19.0,Female,Mumbai,333996.4,1,8,333996.4,High Value
CUST4845,Customer_401,18.0,Male,Mumbai,2599.12,1,1,2599.12,Low Value
CUST4849,Customer_209,28.0,Male,Patna,28812.06,1,1,28812.06,Low Value
CUST4869,Customer_392,37.0,Male,Kolkata,485667.8,1,10,485667.8,High Value
CUST4881,Customer_389,32.0,Male,Patna,5629.1,1,2,5629.1,Low Value
CUST4888,Customer_13,38.0,Male,Pune,40275.15,1,5,40275.15,Low Value
CUST4901,Customer_327,29.0,Female,Mumbai,47545.23,1,1,47545.23,Low Value
CUST4926,Customer_102,45.0,Male,Delhi,13050.5,1,2,13050.5,Low Value
CUST4934,Customer_25,41.0,Male,Bengaluru,318588.55,1,7,318588.55,High Value
CUST4941,Customer_457,50.0,Female,Mumbai,60395.06,1,2,60395.06,Medium Value
CUST4943,Customer_198,34.0,Male,Mumbai,12420.48,1,2,12420.48,Low Value
CUST4947,Customer_352,58.0,Male,Bengaluru,37605.65,1,5,37605.65,Low Value
CUST4958,Customer_160,45.0,Male,Gaya,25717.95,1,3,25717.95,Low Value
CUST4966,Customer_367,47.0,Female,Bengaluru,8286.54,1,3,8286.54,Low Value
CUST4973,Customer_443,24.0,Male,Kolkata,42500.65,1,1,42500.65,Low Value
CUST4977,Customer_359,33.0,Male,Mumbai,200969.45,1,5,200969.45,Medium Value
CUST4979,Customer_273,45.0,Male,Mumbai,51456.6,1,3,51456.6,Medium Value
CUST4982,Customer_370,33.0,Male,Delhi,439972.2,1,10,439972.2,High Value
CUST4996,Customer_449,61.0,Female,Hyderabad,257757.48,2,12,128878.74,High Value
CUST4997,Customer_371,31.0,Male,Hyderabad,45063.04,1,8,45063.04,Low Value
CUST5005,Customer_176,20.0,Female,Kolkata,174940.92,1,9,174940.92,Medium Value
CUST5010,Customer_46,41.0,Female,Pune,124324.34,1,7,124324.34,Medium Value
CUST5025,Customer_159,28.0,Female,Patna,20875.52,1,1,20875.52,Low Value
CUST5036,Customer_468,32.0,Male,Patna,299490.08,1,8,299490.08,High Value
CUST5057,Customer_158,52.0,Female,Patna,30227.94,1,3,30227.94,Low Value
CUST5063,Customer_50,33.0,Female,Mumbai,15831.03,1,1,15831.03,Low Value
CUST5079,Customer_348,41.0,Female,Bengaluru,267836.96,1,8,267836.96,High Value
CUST5091,Customer_375,47.0,Male,Bengaluru,213995.1,1,10,213995.1,Medium Value
CUST5097,Customer_302,65.0,Female,Mumbai,185571.72,1,9,185571.72,Medium Value
CUST5102,Customer_416,41.0,Female,Hyderabad,78808.86,1,3,78808.86,Medium Value
CUST5113,Customer_271,30.0,Female,Kolkata,199283.0,1,7,199283.0,Medium Value
CUST5128,Customer_192,47.0,Male,Bengaluru,242216.48,1,8,242216.48,High Value
CUST5129,Customer_404,54.0,Male,Bengaluru,219522.18,1,6,219522.18,High Value
CUST5133,Customer_86,56.0,Female,Pune,19382.82,1,6,19382.82,Low Value
CUST5136,Customer_257,30.0,Male,Mumbai,16506.48,1,1,16506.48,Low Value
CUST5151,Customer_409,55.0,Female,Bengaluru,86394.66,1,6,86394.66,Medium Value
CUST5154,Customer_453,20.0,Male,Mumbai,76131.68,1,2,76131.68,Medium Value
CUST5155,Customer_165,57.0,Male,Bengaluru,172543.0,1,5,172543.0,Medium Value
CUST5160,Customer_144,52.0,Female,Delhi,1961.91,1,3,1961.91,Low Value
CUST5168,Customer_295,25.0,Male,Hyderabad,54797.1,1,6,54797.1,Medium Value
CUST5178,Customer_170,23.0,Male,Mumbai,109792.04,1,4,109792.04,Medium Value
CUST5188,Customer_286,53.0,Male,Gaya,439499.43,1,9,439499.43,High Value
CUST5206,Customer_327,52.0,Female,Patna,65107.76,1,4,65107.76,Medium Value
CUST5211,Customer_215,53.0,Female,Patna,191167.55,1,5,191167.55,Medium Value
CUST5214,Customer_142,63.0,Female,Patna,86438.08,1,4,86438.08,Medium Value
CUST5232,Customer_395,54.0,Male,Gaya,62434.24,1,2,62434.24,Medium Value
CUST5233,Customer_108,26.0,Male,Mumbai,48906.12,1,6,48906.12,Medium Value
CUST5240,Customer_379,43.0,Male,Patna,92846.81,1,7,92846.81,Medium Value
CUST5244,Customer_44,39.5,Male,Pune,207547.7,1,5,207547.7,Medium Value
CUST5249,Customer_236,57.0,Male,Pune,116373.8,1,10,116373.8,Medium Value
CUST5295,Customer_223,58.0,Female,Kolkata,120358.95,1,3,120358.95,Medium Value
CUST5318,Customer_376,61.0,Male,Bengaluru,93084.36,1,3,93084.36,Medium Value
CUST5319,Customer_129,35.0,Female,Mumbai,138242.6,1,5,138242.6,Medium Value
CUST5338,Customer_269,22.0,Female,Patna,140731.05,1,3,140731.05,Medium Value
CUST5355,Customer_108,23.0,Male,Delhi,47542.0,1,5,47542.0,Low Value
CUST5363,Customer_423,56.0,Male,Delhi,265314.63,2,7,132657.315,High Value
CUST5367,Customer_499,25.0,Female,Hyderabad,35099.34,1,6,35099.34,Low Value
CUST5373,Customer_256,24.0,Male,Delhi,25737.43,1,1,25737.43,Low Value
CUST5375,Customer_265,60.0,Male,Bengaluru,36587.92,1,2,36587.92,Low Value
CUST5386,Customer_125,47.0,Male,Gaya,244476.54,1,9,244476.54,High Value
CUST5389,Customer_362,44.0,Female,Mumbai,58707.36,1,6,58707.36,Medium Value
CUST5406,Customer_164,30.0,Male,Kolkata,47545.65,1,5,47545.65,Low Value
CUST5413,Customer_20,62.0,Male,Bengaluru,217109.48,1,7,217109.48,High Value
CUST5415,Customer_460,29.0,Female,Delhi,12121.61,1,1,12121.61,Low Value
CUST5418,Customer_491,41.0,Female,Kolkata,177852.72,1,4,177852.72,Medium Value
CUST5419,Customer_263,65.0,Female,Patna,7179.39,1,9,7179.39,Low Value
CUST5430,Customer_333,48.0,Male,Mumbai,138761.82,1,3,138761.82,Medium Value
CUST5431,Customer_396,60.0,Female,Mumbai,215478.9,1,10,215478.9,High Value
CUST5432,Customer_163,57.0,Male,Patna,15571.2,1,10,15571.2,Low Value
CUST5433,Customer_355,49.0,Male,Delhi,100010.88,1,4,100010.88,Medium Value
CUST5454,Customer_368,19.0,Female,Hyderabad,308555.0,1,10,308555.0,High Value
CUST5455,Customer_287,26.0,Male,Bengaluru,86715.66,1,2,86715.66,Medium Value
CUST5468,Customer_463,32.0,Male,Bengaluru,299131.56,1,7,299131.56,High Value
CUST5477,Customer_249,37.0,Female,Kolkata,284448.64,1,7,284448.64,High Value
CUST5505,Customer_189,38.0,Female,Bengaluru,210141.3,1,6,210141.3,Medium Value
CUST5516,Customer_343,21.0,Male,Kolkata,211333.38,1,6,211333.38,Medium Value
CUST5523,Customer_432,39.5,Male,Pune,277513.83,1,9,277513.83,High Value
CUST5524,Customer_154,44.0,Male,Hyderabad,128419.56,1,3,128419.56,Medium Value
CUST5529,Customer_227,30.0,Female,Bengaluru,19808.39,1,7,19808.39,Low Value
CUST5535,Customer_146,28.0,Male,Gaya,81639.9,1,6,81639.9,Medium Value
CUST5569,Customer_188,27.0,Female,Pune,105715.35,1,5,105715.35,Medium Value
CUST5585,Customer_289,35.0,Male,Kolkata,258727.23,1,9,258727.23,High Value
CUST5600,Customer_176,27.0,Male,Bengaluru,143878.14,1,3,143878.14,Medium Value
CUST5605,Customer_23,30.0,Female,Kolkata,126051.16,1,4,126051.16,Medium Value
CUST5607,Customer_265,61.0,Female,Gaya,13129.64,1,1,13129.64,Low Value
CUST5615,Customer_56,63.0,Female,Bengaluru,7583.96,1,4,7583.96,Low Value
CUST5621,Customer_427,62.0,Female,Delhi,134832.67,1,7,134832.67,Medium Value
CUST5624,Customer_25,22.0,Male,Patna,319922.96,1,7,319922.96,High Value
CUST5702,Customer_381,48.0,Female,Pune,139084.8,1,10,139084.8,Medium Value
CUST5718,Customer_251,62.0,Female,Kolkata,80473.4,1,4,80473.4,Medium Value
CUST5726,Customer_192,20.0,Male,Pune,79157.2,1,2,79157.2,Medium Value
CUST5743,Customer_248,28.0,Male,Gaya,86401.08,1,6,86401.08,Medium Value
CUST5762,Customer_404,20.0,Female,Mumbai,31247.14,1,1,31247.14,Low Value
CUST5766,Customer_85,27.0,Male,Gaya,226028.39,1,7,226028.39,High Value
CUST5778,Customer_346,37.0,Male,Patna,72124.72,1,2,72124.72,Medium Value
CUST5791,Customer_113,62.0,Male,Patna,78010.54,1,2,78010.54,Medium Value
CUST5806,Customer_103,57.0,Female,Mumbai,143666.99,2,11,71833.495,Medium Value
CUST5829,Customer_37,32.0,Male,Delhi,39956.16,1,4,39956.16,Low Value
CUST5835,Customer_362,20.0,Male,Unknown,56623.16,1,2,56623.16,Medium Value
CUST5851,Customer_418,50.0,Male,Patna,83088.9,1,2,83088.9,Medium Value
CUST5869,Customer_415,23.0,Male,Delhi,285227.53,1,7,285227.53,High Value
CUST5871,Customer_335,39.0,Female,Delhi,136832.9,1,5,136832.9,Medium Value
CUST5876,Customer_389,42.0,Female,Patna,222899.82,1,6,222899.82,High Value
CUST5899,Customer_500,31.0,Female,Gaya,23158.0,1,4,23158.0,Low Value
CUST5903,Customer_396,27.0,Female,Hyderabad,13424.67,1,9,13424.67,Low Value
CUST5926,Customer_308,54.0,Male,Gaya,311180.64,1,8,311180.64,High Value
CUST5932,Customer_183,62.0,Female,Gaya,74970.27,1,3,74970.27,Medium Value
CUST5933,Customer_92,29.0,Male,Mumbai,65068.15,1,5,65068.15,Medium Value
CUST5945,Customer_49,40.0,Female,Kolkata,200976.86,1,7,200976.86,Medium Value
CUST5988,Customer_266,43.0,Male,Kolkata,88672.76,1,2,88672.76,Medium Value
CUST6002,Customer_83,46.0,Male,Delhi,214875.81,1,9,214875.81,High Value
CUST6006,Customer_344,38.0,Male,Delhi,186072.9,1,5,186072.9,Medium Value
CUST6028,Customer_58,39.0,Male,Delhi,82132.92,1,4,82132.92,Medium Value
CUST6037,Customer_121,28.0,Male,Patna,3586.58,1,2,3586.58,Low Value
CUST6067,Customer_316,55.0,Male,Patna,209823.08000000002,2,12,104911.54000000001,Medium Value
CUST6082,Customer_301,62.0,Male,Mumbai,548416.39,2,16,274208.195,High Value
CUST6096,Customer_53,51.0,Female,Patna,197341.68,1,6,197341.68,Medium Value
CUST6111,Customer_204,34.0,Female,Hyderabad,156256.16,2,13,78128.08,Medium Value
CUST6116,Customer_343,32.0,Female,Gaya,86309.0,1,10,86309.0,Medium Value
CUST6136,Customer_328,22.0,Male,Hyderabad,71273.3,1,10,71273.3,Medium Value
CUST6142,Customer_410,37.0,Male,Patna,128393.8,1,10,128393.8,Medium Value
CUST6149,Customer_181,32.0,Female,Patna,72673.95,1,5,72673.95,Medium Value
CUST6152,Customer_438,39.0,Female,Bengaluru,118857.45,1,3,118857.45,Medium Value
CUST6162,Customer_165,42.0,Male,Mumbai,31849.44,1,1,31849.44,Low Value
CUST6173,Customer_51,22.0,Male,Pune,150268.72,1,7,150268.72,Medium Value
CUST6180,Customer_73,64.0,Male,Patna,157078.86,1,6,157078.86,Medium Value
CUST6206,Customer_18,50.0,Male,Kolkata,302455.37,1,7,302455.37,High Value
CUST6228,Customer_466,41.0,Female,Pune,89287.2,1,4,89287.2,Medium Value
CUST6236,Customer_312,43.0,Female,Kolkata,17039.73,1,3,17039.73,Low Value
CUST6238,Customer_258,55.0,Male,Gaya,259301.0,1,10,259301.0,High Value
CUST6241,Customer_242,55.0,Male,Hyderabad,18127.66,1,2,18127.66,Low Value
CUST6258,Customer_229,52.0,Male,Pune,40225.63,1,1,40225.63,Low Value
CUST6260,Customer_455,37.0,Male,Gaya,105954.6,1,3,105954.6,Medium Value
CUST6279,Customer_97,21.0,Female,Kolkata,256986.2,1,10,256986.2,High Value
CUST6288,Customer_407,55.0,Male,Kolkata,17212.99,1,1,17212.99,Low Value
CUST6309,Customer_345,55.0,Female,Mumbai,61486.2,1,2,61486.2,Medium Value
CUST6311,Customer_257,65.0,Female,Mumbai,301320.63,1,9,301320.63,High Value
CUST6314,Customer_66,19.0,Female,Gaya,155811.12,1,4,155811.12,Medium Value
CUST6316,Customer_59,39.5,Male,Pune,311126.04,1,9,311126.04,High Value
CUST6319,Customer_393,32.0,Female,Bengaluru,46629.03,1,1,46629.03,Low Value
CUST6336,Customer_63,52.0,Male,Delhi,26771.99,1,1,26771.99,Low Value
CUST6340,Customer_125,37.0,Female,Gaya,21368.29,1,1,21368.29,Low Value
CUST6345,Customer_420,32.0,Male,Hyderabad,82147.94,2,4,41073.97,Medium Value
CUST6348,Customer_412,22.0,Female,Kolkata,92286.1,1,5,92286.1,Medium Value
CUST6389,Customer_484,27.0,Male,Kolkata,313519.95,1,9,313519.95,High Value
CUST6394,Customer_338,57.0,Female,Bengaluru,57013.62,1,2,57013.62,Medium Value
CUST6407,Customer_157,26.0,Female,Delhi,315050.32,2,14,157525.16,High Value
CUST6410,Customer_301,61.0,Male,Gaya,318649.86,1,9,318649.86,High Value
CUST6413,Customer_490,50.0,Female,Patna,96340.16,1,8,96340.16,Medium Value
CUST6414,Customer_82,30.0,Male,Delhi,62429.88,1,6,62429.88,Medium Value
CUST6421,Customer_218,22.0,Male,Gaya,38696.65,1,5,38696.65,Low Value
CUST6432,Customer_194,62.0,Male,Mumbai,46021.88,1,1,46021.88,Low Value
CUST6436,Customer_288,52.0,Male,Bengaluru,4418.86,1,2,4418.86,Low Value
CUST6442,Customer_10,62.0,Male,Kolkata,429297.21,1,9,429297.21,High Value
CUST6444,Customer_251,23.0,Female,Mumbai,259787.34,1,9,259787.34,High Value
CUST6467,Customer_181,24.0,Female,Pune,318362.73,1,7,318362.73,High Value
CUST6504,Customer_357,34.0,Male,Kolkata,190162.88,1,8,190162.88,Medium Value
CUST6511,Customer_15,54.0,Male,Mumbai,54039.78,1,3,54039.78,Medium Value
CUST6518,Customer_410,44.0,Female,Hyderabad,177138.7,1,10,177138.7,Medium Value
CUST6522,Customer_468,61.0,Male,Mumbai,107317.63,1,7,107317.63,Medium Value
CUST6531,Customer_218,57.0,Male,Kolkata,78327.66,1,6,78327.66,Medium Value
CUST6532,Customer_348,30.0,Male,Pune,610981.74,2,15,305490.87,High Value
CUST6538,Customer_365,37.0,Female,Pune,26611.8,1,4,26611.8,Low Value
CUST6540,Customer_230,19.0,Male,Kolkata,87368.96,1,8,87368.96,Medium Value
CUST6564,Customer_216,59.0,Female,Patna,142635.56,1,4,142635.56,Medium Value
CUST6565,Customer_431,50.0,Female,Gaya,168646.62,1,6,168646.62,Medium Value
CUST6571,Customer_156,43.0,Female,Pune,75706.23,1,3,75706.23,Medium Value
CUST6578,Customer_194,64.0,Female,Hyderabad,19202.88,1,1,19202.88,Low Value
CUST6584,Customer_449,21.0,Male,Mumbai,296462.6,1,10,296462.6,High Value
CUST6585,Customer_214,21.0,Male,Hyderabad,103625.84,1,4,103625.84,Medium Value
CUST6589,Customer_367,30.0,Male,Kolkata,70470.99,1,3,70470.99,Medium Value
CUST6600,Customer_242,58.0,Female,Bengaluru,439266.33,1,9,439266.33,High Value
CUST6618,Customer_311,19.0,Male,Pune,230997.12,1,8,230997.12,High Value
CUST6621,Customer_104,19.0,Female,Mumbai,34477.47,1,3,34477.47,Low Value
CUST6625,Customer_121,18.0,Male,Hyderabad,121251.76,1,7,121251.76,Medium Value
CUST6627,Customer_353,57.0,Male,Patna,248966.58,1,6,248966.58,High Value
CUST6631,Customer_141,58.0,Male,Kolkata,28924.68,1,4,28924.68,Low Value
CUST6638,Customer_350,45.0,Male,Bengaluru,167313.48,1,6,167313.48,Medium Value
CUST6654,Customer_66,38.0,Female,Pune,15439.6,1,4,15439.6,Low Value
CUST6655,Customer_192,31.0,Female,Pune,3156.7,1,10,3156.7,Low Value
CUST6658,Customer_274,60.0,Male,Patna,285180.93,1,9,285180.93,High Value
CUST6678,Customer_241,41.0,Male,Kolkata,28362.94,1,2,28362.94,Low Value
CUST6684,Customer_426,59.0,Male,Bengaluru,193199.4,1,4,193199.4,Medium Value
CUST6697,Customer_137,26.0,Male,Pune,75059.95,1,5,75059.95,Medium Value
CUST6704,Customer_335,24.0,Female,Mumbai,452333.24,2,11,226166.62,High Value
CUST6706,Customer_215,54.0,Male,Mumbai,45333.96,1,2,45333.96,Low Value
CUST6707,Customer_420,33.0,Male,Pune,328896.4,1,8,328896.4,High Value
CUST6714,Customer_31,41.0,Female,Unknown,439469.6,1,10,439469.6,High Value
CUST6719,Customer_394,30.0,Female,Patna,45270.45,1,3,45270.45,Low Value
CUST6727,Customer_452,34.0,Female,Mumbai,111865.08,1,6,111865.08,Medium Value
CUST6728,Customer_413,64.0,Male,Bengaluru,34757.71,1,1,34757.71,Low Value
CUST6748,Customer_2,40.0,Female,Patna,396906.8,1,10,396906.8,High Value
CUST6752,Customer_52,65.0,Male,Kolkata,59121.8,1,5,59121.8,Medium Value
CUST6762,Customer_235,47.0,Male,Delhi,10934.02,1,2,10934.02,Low Value
CUST6773,Customer_200,22.0,Male,Hyderabad,132823.76,1,4,132823.76,Medium Value
CUST6780,Customer_262,42.0,Female,Hyderabad,269519.53,1,7,269519.53,High Value
CUST6783,Customer_7,30.0,Male,Kolkata,189183.33,1,9,189183.33,Medium Value
CUST6791,Customer_430,22.0,Female,Pune,148740.85,1,5,148740.85,Medium Value
CUST6806,Customer_316,46.0,Male,Pune,246529.68,1,8,246529.68,High Value
CUST6814,Customer_70,62.0,Male,Bengaluru,56546.37,1,9,56546.37,Medium Value
CUST6815,Customer_295,43.0,Female,Patna,16650.75,1,3,16650.75,Low Value
CUST6821,Customer_73,24.0,Male,Pune,274083.6,1,8,274083.6,High Value
CUST6828,Customer_222,50.0,Male,Bengaluru,127614.42,1,3,127614.42,Medium Value
CUST6845,Customer_337,34.0,Male,Hyderabad,769479.75,2,18,384739.875,High Value
CUST6860,Customer_168,30.0,Male,Bengaluru,30210.72,1,1,30210.72,Low Value
CUST6862,Customer_257,45.0,Female,Patna,95386.66,1,2,95386.66,Medium Value
CUST6870,Customer_53,51.0,Female,Hyderabad,70818.68,1,4,70818.68,Medium Value
CUST6881,Customer_158,41.0,Female,Delhi,297463.11,1,7,297463.11,High Value
CUST6887,Customer_423,21.0,Male,Delhi,15733.65,1,5,15733.65,Low Value
CUST6921,Customer_68,62.0,Female,Patna,11206.86,1,6,11206.86,Low Value
CUST6927,Customer_165,23.0,Male,Gaya,86462.0,1,5,86462.0,Medium Value
CUST6932,Customer_304,31.0,Male,Kolkata,21090.24,1,8,21090.24,Low Value
CUST6933,Customer_224,23.0,Female,Patna,125483.1,1,6,125483.1,Medium Value
CUST6938,Customer_344,43.0,Female,Kolkata,119662.88,1,4,119662.88,Medium Value
CUST6944,Customer_460,33.0,Male,Gaya,34742.76,1,4,34742.76,Low Value
CUST6969,Customer_83,41.0,Female,Hyderabad,167677.65,1,5,167677.65,Medium Value
CUST6987,Customer_107,31.0,Female,Gaya,6976.56,1,1,6976.56,Low Value
CUST6995,Customer_374,33.0,Male,Hyderabad,325425.87,1,7,325425.87,High Value
CUST6997,Customer_244,28.0,Male,Gaya,27593.6,1,4,27593.6,Low Value
CUST7016,Customer_88,33.0,Female,Pune,184654.44,1,6,184654.44,Medium Value
CUST7026,Customer_317,28.0,Male,Bengaluru,262752.56,2,13,131376.28,High Value
CUST7031,Customer_224,37.0,Female,Gaya,195199.8,1,5,195199.8,Medium Value
CUST7033,Customer_359,33.0,Male,Gaya,156203.52,1,4,156203.52,Medium Value
CUST7037,Customer_45,34.0,Male,Mumbai,405004.41,1,9,405004.41,High Value
CUST7042,Customer_137,60.0,Male,Kolkata,70227.96,1,2,70227.96,Medium Value
CUST7059,Customer_224,51.0,Female,Delhi,13776.48,1,8,13776.48,Low Value
CUST7062,Customer_92,52.0,Male,Bengaluru,180509.76,1,8,180509.76,Medium Value
CUST7065,Customer_335,24.0,Female,Bengaluru,241144.8,1,5,241144.8,High Value
CUST7068,Customer_106,24.0,Male,Hyderabad,292060.48,1,8,292060.48,High Value
CUST7072,Customer_4,62.0,Female,Gaya,210619.12,1,8,210619.12,Medium Value
CUST7082,Customer_492,21.0,Female,Bengaluru,100658.0,1,4,100658.0,Medium Value
CUST7091,Customer_1,48.0,Female,Mumbai,237573.1,1,10,237573.1,High Value
CUST7093,Customer_174,23.0,Male,Mumbai,237005.1,1,5,237005.1,High Value
CUST7104,Customer_498,34.0,Male,Mumbai,245061.25,1,5,245061.25,High Value
CUST7110,Customer_176,60.0,Male,Hyderabad,3953.8,1,4,3953.8,Low Value
CUST7117,Customer_6,53.0,Female,Gaya,39406.86,1,6,39406.86,Low Value
CUST7152,Customer_423,22.0,Female,Patna,106181.76,1,6,106181.76,Medium Value
CUST7164,Customer_251,64.0,Male,Pune,282545.1,1,10,282545.1,High Value
CUST7173,Customer_44,21.0,Male,Hyderabad,47212.5,1,5,47212.5,Low Value
CUST7176,Customer_434,33.0,Male,Bengaluru,54990.9,1,9,54990.9,Medium Value
CUST7177,Customer_40,21.0,Male,Hyderabad,75415.95,1,3,75415.95,Medium Value
CUST7178,Customer_478,64.0,Male,Bengaluru,16185.56,1,2,16185.56,Low Value
CUST7185,Customer_285,61.0,Female,Delhi,98255.31,1,3,98255.31,Medium Value
CUST7186,Customer_150,36.0,Female,Mumbai,10625.65,1,1,10625.65,Low Value
CUST7187,Customer_149,38.0,Male,Patna,16633.85,1,1,16633.85,Low Value
CUST7188,Customer_180,37.0,Male,Bengaluru,88709.25,2,3,44354.625,Medium Value
CUST7196,Customer_286,40.0,Male,Delhi,267104.88,1,8,267104.88,High Value
CUST7219,Customer_391,30.0,Male,Pune,229527.7,1,10,229527.7,High Value
CUST7221,Customer_478,39.0,Male,Gaya,15069.36,1,2,15069.36,Low Value
CUST7226,Customer_421,51.0,Male,Mumbai,3859.08,1,3,3859.08,Low Value
CUST7228,Customer_200,21.0,Female,Bengaluru,117472.56,1,3,117472.56,Medium Value
CUST7236,Customer_366,38.0,Male,Gaya,130323.36,1,6,130323.36,Medium Value
CUST7238,Customer_335,54.0,Female,Delhi,280228.24,1,8,280228.24,High Value
CUST7249,Customer_144,29.0,Male,Kolkata,19176.32,1,4,19176.32,Low Value
CUST7263,Customer_120,55.0,Male,Hyderabad,10851.3,1,10,10851.3,Low Value
CUST7277,Customer_320,62.0,Female,Mumbai,291741.38,1,7,291741.38,High Value
CUST7283,Customer_262,34.0,Male,Mumbai,98418.06,1,6,98418.06,Medium Value
CUST7285,Customer_493,18.0,Female,Hyderabad,9639.44,1,8,9639.44,Low Value
CUST7309,Customer_266,52.0,Female,Delhi,256457.76,1,6,256457.76,High Value
CUST7315,Customer_283,45.0,Female,Mumbai,53794.02,1,3,53794.02,Medium Value
CUST7317,Customer_70,54.0,Female,Delhi,138811.2,2,10,69405.6,Medium Value
CUST7341,Customer_457,49.0,Female,Hyderabad,166562.96,1,4,166562.96,Medium Value
CUST7361,Customer_159,20.0,Male,Hyderabad,142398.54,1,3,142398.54,Medium Value
CUST7371,Customer_463,38.0,Female,Bengaluru,39342.98,1,1,39342.98,Low Value
CUST7374,Customer_375,62.0,Female,Patna,511309.4,2,15,255654.7,High Value
CUST7388,Customer_6,48.0,Male,Hyderabad,267400.44,1,6,267400.44,High Value
CUST7405,Customer_15,57.0,Male,Mumbai,159668.96,1,4,159668.96,Medium Value
CUST7413,Customer_4,54.0,Male,Kolkata,82021.25,1,5,82021.25,Medium Value
CUST7416,Customer_191,54.0,Female,Hyderabad,482551.9,1,10,482551.9,High Value
CUST7445,Customer_233,60.0,Female,Bengaluru,321222.51,1,9,321222.51,High Value
CUST7462,Customer_379,39.5,Male,Patna,2768.1,1,5,2768.1,Low Value
CUST7465,Customer_345,58.0,Female,Bengaluru,234167.84,1,8,234167.84,High Value
CUST7473,Customer_372,36.0,Female,Mumbai,200523.55,1,5,200523.55,Medium Value
CUST7476,Customer_45,21.0,Female,Hyderabad,118002.51,1,9,118002.51,Medium Value
CUST7484,Customer_478,36.0,Male,Gaya,223452.45,1,9,223452.45,High Value
CUST7491,Customer_139,46.0,Female,Bengaluru,107697.64,1,4,107697.64,Medium Value
CUST7494,Customer_188,30.0,Female,Mumbai,107028.9,1,10,107028.9,Medium Value
CUST7501,Customer_2,40.0,Female,Gaya,51679.6,1,8,51679.6,Medium Value
CUST7504,Customer_183,52.0,Male,Pune,106265.28,1,4,106265.28,Medium Value
CUST7522,Customer_322,53.0,Female,Kolkata,2070.65,1,5,2070.65,Low Value
CUST7544,Customer_225,26.0,Male,Mumbai,350933.9,1,10,350933.9,High Value
CUST7564,Customer_478,20.0,Female,Patna,176483.04,1,8,176483.04,Medium Value
CUST7568,Customer_12,65.0,Male,Gaya,72887.06,2,10,36443.53,Medium Value
CUST7574,Customer_66,43.0,Female,Delhi,38214.2,1,5,38214.2,Low Value
CUST7578,Customer_245,38.0,Female,Delhi,60346.48,1,8,60346.48,Medium Value
CUST7587,Customer_223,27.0,Male,Pune,408776.58,1,9,408776.58,High Value
CUST7588,Customer_67,47.0,Male,Pune,27898.64,1,4,27898.64,Low Value
CUST7600,Customer_208,23.0,Male,Pune,42736.43,1,1,42736.43,Low Value
CUST7609,Customer_327,41.0,Female,Pune,154958.15,1,5,154958.15,Medium Value
CUST7613,Customer_432,22.0,Male,Mumbai,394778.24,1,8,394778.24,High Value
CUST7615,Customer_277,37.0,Male,Patna,163012.74,1,6,163012.74,Medium Value
CUST7618,Customer_154,25.0,Male,Gaya,92273.25,1,5,92273.25,Medium Value
CUST7621,Customer_375,61.0,Female,Gaya,44751.42,1,1,44751.42,Low Value
CUST7625,Customer_251,50.0,Female,Patna,17409.33,1,3,17409.33,Low Value
CUST7628,Customer_120,56.0,Male,Bengaluru,160299.54,1,6,160299.54,Medium Value
CUST7631,Customer_115,62.0,Female,Gaya,107745.36,1,4,107745.36,Medium Value
CUST7650,Customer_453,50.0,Male,Kolkata,347736.0,1,8,347736.0,High Value
CUST7654,Customer_172,42.0,Male,Delhi,67132.4,1,2,67132.4,Medium Value
CUST7659,Customer_445,20.0,Male,Patna,49067.82,1,1,49067.82,Medium Value
CUST7664,Customer_376,43.0,Female,Delhi,216126.48,1,6,216126.48,High Value
CUST7676,Customer_42,39.0,Female,Bengaluru,405225.6,1,10,405225.6,High Value
CUST7718,Customer_293,26.0,Male,Delhi,374935.6,1,8,374935.6,High Value
CUST7724,Customer_365,38.0,Male,Kolkata,100442.24,1,4,100442.24,Medium Value
CUST7757,Customer_494,58.0,Male,Mumbai,219795.57,1,9,219795.57,High Value
CUST7787,Customer_139,40.0,Male,Pune,286879.52,1,8,286879.52,High Value
CUST7801,Customer_150,41.0,Male,Pune,43373.54,1,7,43373.54,Low Value
CUST7806,Customer_4,64.0,Female,Hyderabad,81537.0,1,2,81537.0,Medium Value
CUST7814,Customer_134,20.0,Female,Bengaluru,331893.24,1,7,331893.24,High Value
CUST7824,Customer_21,20.0,Male,Pune,185204.61,2,5,92602.305,Medium Value
CUST7844,Customer_469,53.0,Male,Patna,134060.64,1,6,134060.64,Medium Value
CUST7863,Customer_316,37.0,Female,Gaya,202154.0,1,8,202154.0,Medium Value
CUST7876,Customer_34,57.0,Male,Bengaluru,402956.64,1,9,402956.64,High Value
CUST7903,Customer_163,60.0,Female,Bengaluru,101295.36,1,6,101295.36,Medium Value
CUST7911,Customer_7,59.0,Male,Delhi,142731.2,1,8,142731.2,Medium Value
CUST7933,Customer_232,50.0,Male,Bengaluru,91236.0,1,10,91236.0,Medium Value
CUST7937,Customer_158,43.0,Female,Mumbai,223776.99,1,9,223776.99,High Value
CUST7944,Customer_282,39.5,Male,Unknown,171571.86,1,6,171571.86,Medium Value
CUST7981,Customer_196,46.0,Male,Mumbai,1495.14,1,2,1495.14,Low Value
CUST7988,Customer_383,39.0,Female,Mumbai,3992.85,1,1,3992.85,Low Value
CUST8000,Customer_275,51.0,Male,Kolkata,150898.88,1,8,150898.88,Medium Value
CUST8010,Customer_187,41.0,Female,Hyderabad,141200.44,1,4,141200.44,Medium Value
CUST8017,Customer_371,37.0,Male,Patna,196003.1,1,10,196003.1,Medium Value
CUST8023,Customer_118,50.0,Female,Mumbai,101845.28,1,4,101845.28,Medium Value
CUST8036,Customer_173,44.0,Male,Patna,22254.12,1,2,22254.12,Low Value
CUST8039,Customer_391,55.0,Female,Kolkata,170899.98,1,6,170899.98,Medium Value
CUST8049,Customer_384,37.0,Female,Delhi,130165.29,1,9,130165.29,Medium Value
CUST8053,Customer_408,58.0,Male,Delhi,461478.98,2,11,230739.49,High Value
CUST8058,Customer_273,60.0,Female,Pune,146255.58,1,6,146255.58,Medium Value
CUST8065,Customer_92,53.0,Male,Kolkata,89054.9,1,10,89054.9,Medium Value
CUST8067,Customer_283,47.0,Female,Patna,261456.84,1,6,261456.84,High Value
CUST8075,Customer_401,62.0,Female,Patna,38212.75,1,5,38212.75,Low Value
CUST8098,Customer_337,26.0,Female,Patna,107775.6,1,5,107775.6,Medium Value
CUST8105,Customer_385,52.0,Male,Delhi,107665.89,1,3,107665.89,Medium Value
CUST8110,Customer_268,54.0,Male,Delhi,103074.8,1,10,103074.8,Medium Value
CUST8124,Customer_344,33.0,Female,Pune,87386.72,1,2,87386.72,Medium Value
CUST8128,Customer_101,48.0,Male,Kolkata,17070.85,1,5,17070.85,Low Value
CUST8154,Customer_224,47.0,Female,Pune,425608.74,1,9,425608.74,High Value
CUST8164,Customer_156,34.0,Female,Delhi,309378.72,1,8,309378.72,High Value
CUST8195,Customer_388,52.0,Female,Patna,3727.43,1,1,3727.43,Low Value
CUST8199,Customer_39,64.0,Female,Gaya,10864.96,1,4,10864.96,Low Value
CUST8200,Customer_147,22.0,Female,Patna,97801.84,1,8,97801.84,Medium Value
CUST8211,Customer_62,19.0,Female,Gaya,411726.33,1,9,411726.33,High Value
CUST8217,Customer_83,43.0,Female,Delhi,68529.18,1,3,68529.18,Medium Value
CUST8225,Customer_468,64.0,Male,Bengaluru,311660.72,1,8,311660.72,High Value
CUST8229,Customer_161,32.0,Male,Pune,129289.55,1,5,129289.55,Medium Value
CUST8242,Customer_492,51.0,Male,Mumbai,235460.7,1,6,235460.7,High Value
CUST8268,Customer_18,47.0,Female,Kolkata,115132.52,1,4,115132.52,Medium Value
CUST8269,Customer_104,34.0,Female,Bengaluru,93549.04,1,8,93549.04,Medium Value
CUST8294,Customer_103,30.0,Female,Hyderabad,199506.68,1,4,199506.68,Medium Value
CUST8298,Customer_489,45.0,Female,Delhi,429431.7,1,10,429431.7,High Value
CUST8300,Customer_242,44.0,Female,Hyderabad,14491.62,1,9,14491.62,Low Value
CUST8311,Customer_225,32.0,Male,Bengaluru,45048.9,1,10,45048.9,Low Value
CUST8314,Customer_440,28.0,Female,Gaya,73387.62,1,3,73387.62,Medium Value
CUST8316,Customer_121,63.0,Female,Hyderabad,369482.04,1,9,369482.04,High Value
CUST8318,Customer_189,29.0,Female,Kolkata,6050.27,1,1,6050.27,Low Value
CUST8319,Customer_362,44.0,Male,Delhi,99371.28,1,2,99371.28,Medium Value
CUST8322,Customer_429,28.0,Male,Hyderabad,242974.8,1,10,242974.8,High Value
CUST8325,Customer_16,62.0,Female,Bengaluru,324318.12,1,7,324318.12,High Value
CUST8338,Customer_90,38.0,Male,Pune,188413.61,1,7,188413.61,Medium Value
CUST8346,Customer_384,30.0,Male,Hyderabad,439609.5,1,9,439609.5,High Value
CUST8347,Customer_236,55.0,Male,Hyderabad,12255.87,1,1,12255.87,Low Value
CUST8352,Customer_400,44.0,Male,Gaya,210254.64,1,8,210254.64,Medium Value
CUST8364,Customer_325,21.0,Male,Hyderabad,85364.44,1,7,85364.44,Medium Value
CUST8366,Customer_355,65.0,Female,Bengaluru,299029.7,1,10,299029.7,High Value
CUST8381,Customer_112,40.0,Male,Kolkata,473144.2,1,10,473144.2,High Value
CUST8387,Customer_133,48.0,Female,Bengaluru,154238.45,1,5,154238.45,Medium Value
CUST8390,Customer_297,47.0,Female,Mumbai,285282.83,1,7,285282.83,High Value
CUST8399,Customer_160,40.0,Male,Mumbai,97826.15,1,5,97826.15,Medium Value
CUST8408,Customer_249,51.0,Female,Delhi,122496.24,1,6,122496.24,Medium Value
CUST8425,Customer_254,47.0,Male,Delhi,100147.38,1,3,100147.38,Medium Value
CUST8430,Customer_277,45.0,Male,Gaya,17766.9,1,2,17766.9,Low Value
CUST8431,Customer_90,28.0,Male,Delhi,220973.34,1,7,220973.34,High Value
CUST8453,Customer_68,53.0,Female,Patna,101689.05,1,3,101689.05,Medium Value
CUST8455,Customer_468,37.0,Female,Bengaluru,95992.04,1,2,95992.04,Medium Value
CUST8466,Customer_66,43.0,Male,Hyderabad,47743.08,1,1,47743.08,Low Value
CUST8467,Customer_104,23.0,Male,Bengaluru,8582.49,1,3,8582.49,Low Value
CUST8502,Customer_220,47.0,Male,Unknown,14756.18,1,1,14756.18,Low Value
CUST8513,Customer_125,49.0,Female,Pune,228955.74,1,6,228955.74,High Value
CUST8515,Customer_445,22.0,Male,Mumbai,236398.82,1,7,236398.82,High Value
CUST8525,Customer_126,40.0,Female,Gaya,85329.0,1,10,85329.0,Medium Value
CUST8532,Customer_323,43.0,Female,Delhi,69756.24,1,3,69756.24,Medium Value
CUST8537,Customer_494,50.0,Female,Hyderabad,39400.4,1,8,39400.4,Low Value
CUST8575,Customer_481,21.0,Male,Patna,38929.37,1,1,38929.37,Low Value
CUST8578,Customer_154,48.0,Male,Kolkata,6910.12,1,2,6910.12,Low Value
CUST8583,Customer_290,37.0,Female,Delhi,35903.14,1,7,35903.14,Low Value
CUST8595,Customer_63,44.0,Female,Mumbai,18229.0,1,1,18229.0,Low Value
CUST8600,Customer_53,42.0,Male,Hyderabad,10884.12,1,2,10884.12,Low Value
CUST8623,Customer_84,32.0,Male,Hyderabad,407455.5,1,10,407455.5,High Value
CUST8649,Customer_160,30.0,Male,Gaya,420808.14,1,9,420808.14,High Value
CUST8650,Customer_384,23.0,Male,Gaya,78828.6,1,6,78828.6,Medium Value
CUST8657,Customer_495,58.0,Female,Delhi,444016.4,1,10,444016.4,High Value
CUST8660,Customer_213,42.0,Female,Patna,203722.48,1,8,203722.48,Medium Value
CUST8686,Customer_404,56.0,Female,Patna,175530.12,1,6,175530.12,Medium Value
CUST8691,Customer_252,27.0,Male,Patna,82110.87,1,9,82110.87,Medium Value
CUST8700,Customer_233,35.0,Female,Mumbai,125182.65,1,5,125182.65,Medium Value
CUST8704,Customer_440,20.0,Female,Kolkata,107664.42,1,6,107664.42,Medium Value
CUST8708,Customer_293,59.0,Male,Kolkata,458065.57000000007,2,16,229032.78500000003,High Value
CUST8722,Customer_475,21.0,Male,Mumbai,196134.84,1,9,196134.84,Medium Value
CUST8729,Customer_72,48.0,Male,Kolkata,163132.56,1,4,163132.56,Medium Value
CUST8754,Customer_77,28.0,Male,Kolkata,173173.12,1,8,173173.12,Medium Value
CUST8759,Customer_20,64.0,Female,Hyderabad,22534.47,1,1,22534.47,Low Value
CUST8766,Customer_140,47.0,Female,Hyderabad,235105.5,1,5,235105.5,High Value
CUST8789,Customer_4,52.0,Female,Delhi,26647.6,1,2,26647.6,Low Value
CUST8811,Customer_115,50.0,Female,Bengaluru,44708.5,1,1,44708.5,Low Value
CUST8813,Customer_83,54.0,Male,Bengaluru,350597.34,1,9,350597.34,High Value
CUST8820,Customer_339,39.0,Female,Kolkata,294353.64,1,6,294353.64,High Value
CUST8826,Customer_206,20.0,Female,Gaya,154420.0,1,7,154420.0,Medium Value
CUST8834,Customer_413,61.0,Female,Mumbai,73262.46,1,2,73262.46,Medium Value
CUST8841,Customer_407,36.0,Female,Patna,174065.2,1,10,174065.2,Medium Value
CUST8849,Customer_380,19.0,Female,Patna,181093.04,1,4,181093.04,Medium Value
CUST8851,Customer_118,64.0,Male,Kolkata,3753.78,1,2,3753.78,Low Value
CUST8859,Customer_53,39.5,Male,Unknown,141013.88,1,7,141013.88,Medium Value
CUST8871,Customer_345,43.0,Female,Kolkata,113857.04,1,4,113857.04,Medium Value
CUST8877,Customer_105,23.0,Female,Kolkata,60403.62,1,2,60403.62,Medium Value
CUST8887,Customer_487,62.0,Female,Bengaluru,299928.48,1,8,299928.48,High Value
CUST8899,Customer_482,30.0,Male,Delhi,153670.14,1,9,153670.14,Medium Value
CUST8904,Customer_152,28.0,Female,Kolkata,63886.38,1,2,63886.38,Medium Value
CUST8907,Customer_51,47.0,Male,Hyderabad,288940.95,1,9,288940.95,High Value
CUST8908,Customer_190,65.0,Male,Pune,2344.98,1,1,2344.98,Low Value
CUST8947,Customer_375,65.0,Female,Patna,146639.61,1,3,146639.61,Medium Value
CUST8962,Customer_440,30.0,Female,Kolkata,254006.73,1,9,254006.73,High Value
CUST8975,Customer_315,36.0,Female,Gaya,191586.8,1,4,191586.8,Medium Value
CUST8996,Customer_165,59.0,Male,Hyderabad,126134.07,1,3,126134.07,Medium Value
CUST9008,Customer_279,54.0,Female,Hyderabad,125266.25,1,5,125266.25,Medium Value
CUST9009,Customer_424,43.0,Male,Mumbai,76855.26,1,3,76855.26,Medium Value
CUST9017,Customer_51,26.0,Female,Delhi,109163.28,1,8,109163.28,Medium Value
CUST9022,Customer_131,49.0,Female,Mumbai,91224.84,1,4,91224.84,Medium Value
CUST9027,Customer_153,43.0,Female,Mumbai,25767.92,1,8,25767.92,Low Value
CUST9042,Customer_354,31.0,Female,Hyderabad,64916.12,1,2,64916.12,Medium Value
CUST9047,Customer_363,42.0,Male,Patna,325228.19,1,7,325228.19,High Value
CUST9055,Customer_359,62.0,Male,Gaya,47870.04,1,1,47870.04,Medium Value
CUST9059,Customer_288,33.0,Male,Delhi,150907.5,1,9,150907.5,Medium Value
CUST9081,Customer_244,63.0,Female,Mumbai,386309.13,2,15,193154.565,High Value
CUST9089,Customer_177,24.0,Male,Patna,469247.1,2,20,234623.55,High Value
CUST9092,Customer_97,64.0,Male,Mumbai,37930.19,1,1,37930.19,Low Value
CUST9097,Customer_384,26.0,Male,Hyderabad,64336.72,1,2,64336.72,Medium Value
CUST9104,Customer_443,37.0,Male,Bengaluru,91718.44,1,4,91718.44,Medium Value
CUST9111,Customer_235,61.0,Female,Kolkata,153103.75,1,5,153103.75,Medium Value
CUST9113,Customer_175,61.0,Male,Hyderabad,191143.08,1,6,191143.08,Medium Value
CUST9123,Customer_395,27.0,Female,Mumbai,270574.5,1,6,270574.5,High Value
CUST9125,Customer_19,21.0,Female,Mumbai,47927.36,1,1,47927.36,Medium Value
CUST9131,Customer_249,38.0,Female,Delhi,372913.47,1,9,372913.47,High Value
CUST9132,Customer_210,21.0,Female,Pune,310471.04,1,8,310471.04,High Value
CUST9158,Customer_297,61.0,Male,Gaya,22073.28,1,4,22073.28,Low Value
CUST9159,Customer_12,40.0,Female,Kolkata,208852.56,1,6,208852.56,Medium Value
CUST9175,Customer_441,36.0,Male,Mumbai,212252.94,1,9,212252.94,Medium Value
CUST9181,Customer_122,24.0,Female,Patna,2892.4,1,7,2892.4,Low Value
CUST9191,Customer_323,38.0,Male,Hyderabad,153373.8,1,6,153373.8,Medium Value
CUST9203,Customer_70,33.0,Male,Delhi,27936.6,1,6,27936.6,Low Value
CUST9209,Customer_233,21.0,Female,Mumbai,280214.68000000005,2,11,140107.34000000003,High Value
CUST9217,Customer_448,39.0,Female,Delhi,22073.4,1,4,22073.4,Low Value
CUST9219,Customer_132,30.0,Female,Gaya,131685.75,1,5,131685.75,Medium Value
CUST9233,Customer_485,35.0,Male,Hyderabad,363317.5,1,10,363317.5,High Value
CUST9248,Customer_451,51.0,Male,Mumbai,106419.88,1,7,106419.88,Medium Value
CUST9253,Customer_371,50.0,Female,Pune,215803.3,1,10,215803.3,High Value
CUST9259,Customer_276,30.0,Male,Hyderabad,70840.92,1,2,70840.92,Medium Value
CUST9273,Customer_162,32.0,Female,Hyderabad,143245.35,1,3,143245.35,Medium Value
CUST9282,Customer_322,58.0,Female,Mumbai,70625.7,1,10,70625.7,Medium Value
CUST9284,Customer_212,44.0,Female,Kolkata,19210.3,1,5,19210.3,Low Value
CUST9285,Customer_452,49.0,Female,Gaya,223298.32,1,7,223298.32,High Value
CUST9287,Customer_281,54.0,Female,Bengaluru,163555.53999999998,2,7,81777.76999999999,Medium Value
CUST9292,Customer_89,33.0,Male,Bengaluru,128637.6,1,8,128637.6,Medium Value
CUST9297,Customer_488,27.0,Female,Kolkata,203724.09,1,9,203724.09,Medium Value
CUST9299,Customer_13,62.0,Female,Delhi,215004.9,1,6,215004.9,High Value
CUST9303,Customer_321,44.0,Female,Kolkata,376981.83,1,9,376981.83,High Value
CUST9304,Customer_216,38.0,Female,Bengaluru,64664.54,1,2,64664.54,Medium Value
CUST9307,Customer_313,36.0,Female,Delhi,390387.42,2,14,195193.71,High Value
CUST9319,Customer_434,54.0,Female,Pune,36805.55,1,5,36805.55,Low Value
CUST9324,Customer_58,61.0,Female,Hyderabad,12494.97,1,1,12494.97,Low Value
CUST9325,Customer_352,44.0,Female,Mumbai,87780.4,1,5,87780.4,Medium Value
CUST9339,Customer_127,55.0,Male,Patna,245737.05,1,5,245737.05,High Value
CUST9351,Customer_352,36.0,Male,Pune,398903.76,1,9,398903.76,High Value
CUST9354,Customer_241,46.0,Female,Patna,42782.38,1,2,42782.38,Low Value
CUST9364,Customer_352,62.0,Female,Gaya,99559.14,1,3,99559.14,Medium Value
CUST9379,Customer_263,38.0,Female,Kolkata,9009.36,1,1,9009.36,Low Value
CUST9381,Customer_352,45.0,Male,Kolkata,441863.7,2,10,220931.85,High Value
CUST9384,Customer_230,28.0,Female,Mumbai,20626.25,1,1,20626.25,Low Value
CUST9404,Customer_463,19.0,Female,Gaya,70861.06,1,2,70861.06,Medium Value
CUST9414,Customer_359,61.0,Female,Hyderabad,77138.4,1,4,77138.4,Medium Value
CUST9421,Customer_355,64.0,Female,Bengaluru,115788.23999999999,2,8,57894.119999999995,Medium Value
CUST9449,Customer_178,49.0,Female,Mumbai,23934.94,1,2,23934.94,Low Value
CUST9450,Customer_230,18.0,Male,Bengaluru,112729.05,1,3,112729.05,Medium Value
CUST9458,Customer_25,22.0,Male,Delhi,56158.259999999995,2,3,28079.129999999997,Medium Value
CUST9464,Customer_357,39.0,Male,Gaya,45338.4,1,9,45338.4,Low Value
CUST9465,Customer_470,44.0,Male,Kolkata,184323.94,2,14,92161.97,Medium Value
CUST9469,Customer_426,18.0,Female,Kolkata,232888.33,2,7,116444.165,High Value
CUST9485,Customer_43,57.0,Male,Mumbai,85037.6,1,2,85037.6,Medium Value
CUST9486,Customer_19,29.0,Male,Hyderabad,432103.32,1,9,432103.32,High Value
CUST9488,Customer_147,37.0,Male,Pune,58079.12,1,8,58079.12,Medium Value
CUST9489,Customer_385,61.0,Male,Delhi,29313.46,1,2,29313.46,Low Value
CUST9493,Customer_34,35.0,Male,Gaya,127543.5,1,10,127543.5,Medium Value
CUST9501,Customer_241,39.5,Male,Delhi,25911.09,1,9,25911.09,Low Value
CUST9510,Customer_345,21.0,Female,Kolkata,867333.24,2,19,433666.62,High Value
CUST9514,Customer_180,28.0,Female,Patna,46255.26,1,2,46255.26,Low Value
CUST9515,Customer_52,29.0,Female,Kolkata,133044.7,1,10,133044.7,Medium Value
CUST9518,Customer_192,22.0,Male,Pune,123894.12,1,4,123894.12,Medium Value
CUST9543,Customer_448,45.0,Female,Bengaluru,91618.18,1,2,91618.18,Medium Value
CUST9544,Customer_140,62.0,Female,Hyderabad,116744.31,1,9,116744.31,Medium Value
CUST9551,Customer_230,18.0,Male,Bengaluru,474935.9,1,10,474935.9,High Value
CUST9552,Customer_340,30.0,Male,Patna,7745.85,1,7,7745.85,Low Value
CUST9557,Customer_475,47.0,Male,Mumbai,137155.95,1,3,137155.95,Medium Value
CUST9562,Customer_162,39.0,Male,Mumbai,129925.28,1,8,129925.28,Medium Value
CUST9563,Customer_166,24.0,Male,Gaya,35133.76,1,8,35133.76,Low Value
CUST9565,Customer_350,21.0,Female,Mumbai,174333.28,1,8,174333.28,Medium Value
CUST9567,Customer_218,38.0,Male,Delhi,33193.9,1,1,33193.9,Low Value
CUST9577,Customer_302,46.0,Male,Mumbai,145301.46,1,6,145301.46,Medium Value
CUST9612,Customer_463,21.0,Male,Kolkata,66134.2,1,10,66134.2,Medium Value
CUST9614,Customer_235,23.0,Male,Bengaluru,84656.2,1,10,84656.2,Medium Value
CUST9619,Customer_491,30.0,Male,Pune,3839.04,1,1,3839.04,Low Value
CUST9622,Customer_224,35.0,Male,Kolkata,28466.49,1,3,28466.49,Low Value
CUST9627,Customer_444,47.0,Male,Gaya,139501.8,1,5,139501.8,Medium Value
CUST9628,Customer_422,27.0,Male,Bengaluru,72852.1,1,2,72852.1,Medium Value
CUST9642,Customer_162,51.0,Male,Delhi,42454.26,1,3,42454.26,Low Value
CUST9645,Customer_341,25.0,Female,Hyderabad,131738.91999999998,2,12,65869.45999999999,Medium Value
CUST9649,Customer_322,58.0,Male,Gaya,334585.35,1,9,334585.35,High Value
CUST9650,Customer_361,33.0,Female,Hyderabad,17299.04,1,1,17299.04,Low Value
CUST9651,Customer_461,60.0,Female,Delhi,242701.7,1,10,242701.7,High Value
CUST9674,Customer_232,41.0,Female,Mumbai,106274.97,1,9,106274.97,Medium Value
CUST9693,Customer_343,48.0,Male,Patna,511421.86,2,13,255710.93,High Value
CUST9700,Customer_441,25.0,Female,Kolkata,40148.6,1,2,40148.6,Low Value
CUST9709,Customer_409,39.5,Male,Pune,378037.6,1,8,378037.6,High Value
CUST9718,Customer_11,57.0,Female,Unknown,91726.26,1,2,91726.26,Medium Value
CUST9724,Customer_220,35.0,Male,Pune,156221.6,1,5,156221.6,Medium Value
CUST9728,Customer_338,45.0,Male,Gaya,185424.32,1,4,185424.32,Medium Value
CUST9745,Customer_48,27.0,Male,Mumbai,29263.26,1,1,29263.26,Low Value
CUST9754,Customer_304,19.0,Male,Delhi,203569.62,1,6,203569.62,Medium Value
CUST9770,Customer_494,41.0,Female,Mumbai,116929.38,1,6,116929.38,Medium Value
CUST9776,Customer_345,54.0,Female,Delhi,34541.88,1,3,34541.88,Low Value
CUST9788,Customer_229,64.0,Male,Hyderabad,138165.76,1,8,138165.76,Medium Value
CUST9804,Customer_284,32.0,Male,Patna,226417.1,1,5,226417.1,High Value
CUST9812,Customer_333,20.0,Female,Pune,28196.26,1,2,28196.26,Low Value
CUST9817,Customer_388,45.0,Male,Patna,66300.43,1,7,66300.43,Medium Value
CUST9840,Customer_347,38.0,Female,Bengaluru,163236.96,1,8,163236.96,Medium Value
CUST9846,Customer_298,58.0,Female,Patna,64707.84,1,6,64707.84,Medium Value
CUST9849,Customer_264,53.0,Female,Delhi,192594.75,1,5,192594.75,Medium Value
CUST9869,Customer_394,40.0,Female,Hyderabad,206413.15,1,5,206413.15,Medium Value
CUST9871,Customer_187,27.0,Female,Pune,34690.3,1,2,34690.3,Low Value
CUST9875,Customer_6,49.0,Male,Bengaluru,120557.08,1,4,120557.08,Medium Value
CUST9882,Customer_103,28.0,Female,Kolkata,33198.0,1,6,33198.0,Low Value
CUST9900,Customer_496,26.0,Male,Bengaluru,97972.96,1,2,97972.96,Medium Value
CUST9910,Customer_110,18.0,Male,Hyderabad,90068.24,1,2,90068.24,Medium Value
CUST9927,Customer_357,37.0,Female,Bengaluru,35804.49,1,1,35804.49,Low Value
CUST9942,Customer_466,29.0,Female,Kolkata,315539.87,2,11,157769.935,High Value
CUST9945,Customer_495,24.0,Male,Hyderabad,3375.35,1,1,3375.35,Low Value
CUST9952,Customer_453,30.0,Female,Bengaluru,198199.5,1,10,198199.5,Medium Value
CUST9953,Customer_484,50.0,Female,Hyderabad,221829.7,1,5,221829.7,High Value
CUST9957,Customer_116,29.0,Female,Pune,99838.56,1,6,99838.56,Medium Value
CUST9962,Customer_161,45.0,Male,Mumbai,181783.2,1,10,181783.2,Medium Value
CUST9966,Customer_199,44.0,Male,Kolkata,399939.3,2,15,199969.65,High Value
CUST9994,Customer_13,49.0,Male,Delhi,261678.42,1,6,261678.42,High Value
