Month,High Value,Low Value,Medium Value
2025-01,5309683.78,463574.27,4322932.68
2025-02,5326018.91,687637.4400000001,5497525.11
2025-03,7065641.55,478073.35,5516185.04
2025-04,6636151.35,221321.84,5365226.98
2025-05,6726954.6,573796.0,3683938.65
2025-06,7911378.6,426479.16000000003,4574474.88
2025-07,6318511.65,470696.27999999997,4957018.87
2025-08,4382827.5,462255.96,4603387.76
2025-09,4096886.12,623310.13,4459700.04
2025-10,8144736.85,324388.07,4031811.58
2025-11,8311632.0600000005,301587.74,4014400.42
2025-12,6435481.45,594776.65,5269646.34
2026-01,383020.87,0.0,426369.12
