City,Total_Sales,Total_Orders,Total_Quantity,Customers,Sales_per_Customer
Patna,19285966.89,135,753,134,143925.12604477612
Kolkata,18884349.57,132,748,132,143063.25431818183
Bengaluru,18773574.32,120,670,120,156446.45266666668
Mumbai,18757050.17,131,707,130,144285.00130769232
Hyderabad,17166766.87,125,669,125,137334.13496
Delhi,16097079.0,125,662,124,129815.15322580645
Pune,14513175.9,98,552,99,146597.73636363636
Gaya,14380859.39,117,609,117,122913.32811965812
Unknown,1540617.54,13,65,13,118509.04153846155
